frame,offset_mode,prior_config,alpha,offset_label,offset_type,prior_sigma_mag,offset_mag,pull_sigma
HD,dataset+idsurvey,budget_025mmag_ds050,0.0,DES_Dovekie_raw:IDSURVEY_10,survey,0.025,0.015190141760608651,0.607605670424346
HD,dataset+idsurvey,budget_025mmag_ds050,0.0,DES_Dovekie_raw:IDSURVEY_150,survey,0.025,-0.019532764416947797,-0.7813105766779118
HD,dataset+idsurvey,budget_025mmag_ds050,0.0,DES_Dovekie_raw:IDSURVEY_64,survey,0.025,-0.01222933759548876,-0.4891735038195504
HD,dataset+idsurvey,budget_025mmag_ds050,0.0,DES_Dovekie_raw:IDSURVEY_65,survey,0.025,-0.019147917326123795,-0.7659166930449518
HD,dataset+idsurvey,budget_025mmag_ds050,0.0,PantheonPlusSH0ES:IDSURVEY_1,survey,0.025,-0.11606939069201054,-4.642775627680422
HD,dataset+idsurvey,budget_025mmag_ds050,0.0,PantheonPlusSH0ES:IDSURVEY_10,survey,0.025,-0.10173581381918456,-4.069432552767382
HD,dataset+idsurvey,budget_025mmag_ds050,0.0,PantheonPlusSH0ES:IDSURVEY_15,survey,0.025,-0.08733920109617863,-3.493568043847145
HD,dataset+idsurvey,budget_025mmag_ds050,0.0,PantheonPlusSH0ES:IDSURVEY_150,survey,0.025,-0.13625097013671753,-5.450038805468701
HD,dataset+idsurvey,budget_025mmag_ds050,0.0,PantheonPlusSH0ES:IDSURVEY_4,survey,0.025,-0.06326477062224753,-2.530590824889901
HD,dataset+idsurvey,budget_025mmag_ds050,0.0,PantheonPlusSH0ES:IDSURVEY_5,survey,0.025,-0.08522803435722248,-3.4091213742888993
HD,dataset+idsurvey,budget_025mmag_ds050,0.0,PantheonPlusSH0ES:IDSURVEY_50,survey,0.025,-0.04341566434877888,-1.736626573951155
HD,dataset+idsurvey,budget_025mmag_ds050,0.0,PantheonPlusSH0ES:IDSURVEY_51,survey,0.025,-0.062347878863429594,-2.493915154537184
HD,dataset+idsurvey,budget_025mmag_ds050,0.0,PantheonPlusSH0ES:IDSURVEY_56,survey,0.025,-0.04216390869452788,-1.6865563477811152
HD,dataset+idsurvey,budget_025mmag_ds050,0.0,PantheonPlusSH0ES:IDSURVEY_57,survey,0.025,-0.08703315423497249,-3.4813261693988995
HD,dataset+idsurvey,budget_025mmag_ds050,0.0,PantheonPlusSH0ES:IDSURVEY_63,survey,0.025,-0.05307617657310187,-2.1230470629240745
HD,dataset+idsurvey,budget_025mmag_ds050,0.0,PantheonPlusSH0ES:IDSURVEY_64,survey,0.025,-0.097294268882519,-3.89177075530076
HD,dataset+idsurvey,budget_025mmag_ds050,0.0,PantheonPlusSH0ES:IDSURVEY_65,survey,0.025,-0.06846963836737138,-2.738785534694855
HD,dataset+idsurvey,budget_025mmag_ds050,0.0,Union3p1_UNITY1p8,dataset,0.05,-0.014713177083495284,-0.29426354166990565
HD,dataset+idsurvey,budget_025mmag_ds050,0.0,DES_Dovekie_raw:IDSURVEY_OTHER,survey,0.025,-0.024083148866727615,-0.9633259546691045
HD,dataset+idsurvey,budget_025mmag_ds050,0.0,PantheonPlusSH0ES:IDSURVEY_OTHER,survey,0.025,-0.10154931410612193,-4.061972564244877
HD,dataset+idsurvey,budget_025mmag_ds050,0.5,DES_Dovekie_raw:IDSURVEY_10,survey,0.025,-0.3886823174697681,-15.547292698790724
HD,dataset+idsurvey,budget_025mmag_ds050,0.5,DES_Dovekie_raw:IDSURVEY_150,survey,0.025,-0.08893231339128992,-3.5572925356515963
HD,dataset+idsurvey,budget_025mmag_ds050,0.5,DES_Dovekie_raw:IDSURVEY_64,survey,0.025,-0.057934129284617365,-2.3173651713846946
HD,dataset+idsurvey,budget_025mmag_ds050,0.5,DES_Dovekie_raw:IDSURVEY_65,survey,0.025,-0.06252057098222412,-2.5008228392889644
HD,dataset+idsurvey,budget_025mmag_ds050,0.5,PantheonPlusSH0ES:IDSURVEY_1,survey,0.025,-0.2754657224847595,-11.018628899390379
HD,dataset+idsurvey,budget_025mmag_ds050,0.5,PantheonPlusSH0ES:IDSURVEY_10,survey,0.025,-0.377177912549175,-15.087116501967
HD,dataset+idsurvey,budget_025mmag_ds050,0.5,PantheonPlusSH0ES:IDSURVEY_15,survey,0.025,-0.3249163839314027,-12.996655357256108
HD,dataset+idsurvey,budget_025mmag_ds050,0.5,PantheonPlusSH0ES:IDSURVEY_150,survey,0.025,-0.2400966929580685,-9.60386771832274
HD,dataset+idsurvey,budget_025mmag_ds050,0.5,PantheonPlusSH0ES:IDSURVEY_4,survey,0.025,-0.39024967526716897,-15.609987010686758
HD,dataset+idsurvey,budget_025mmag_ds050,0.5,PantheonPlusSH0ES:IDSURVEY_5,survey,0.025,-0.13106617639564336,-5.242647055825734
HD,dataset+idsurvey,budget_025mmag_ds050,0.5,PantheonPlusSH0ES:IDSURVEY_50,survey,0.025,-0.05808394520557915,-2.323357808223166
HD,dataset+idsurvey,budget_025mmag_ds050,0.5,PantheonPlusSH0ES:IDSURVEY_51,survey,0.025,-0.11039665195617075,-4.41586607824683
HD,dataset+idsurvey,budget_025mmag_ds050,0.5,PantheonPlusSH0ES:IDSURVEY_56,survey,0.025,-0.05068541791887397,-2.0274167167549586
HD,dataset+idsurvey,budget_025mmag_ds050,0.5,PantheonPlusSH0ES:IDSURVEY_57,survey,0.025,-0.13466758494937137,-5.386703397974855
HD,dataset+idsurvey,budget_025mmag_ds050,0.5,PantheonPlusSH0ES:IDSURVEY_63,survey,0.025,-0.08480344263591544,-3.3921377054366175
HD,dataset+idsurvey,budget_025mmag_ds050,0.5,PantheonPlusSH0ES:IDSURVEY_64,survey,0.025,-0.13447469848647958,-5.378987939459183
HD,dataset+idsurvey,budget_025mmag_ds050,0.5,PantheonPlusSH0ES:IDSURVEY_65,survey,0.025,-0.09972473250758211,-3.988989300303284
HD,dataset+idsurvey,budget_025mmag_ds050,0.5,Union3p1_UNITY1p8,dataset,0.05,-0.5051125042119248,-10.102250084238495
HD,dataset+idsurvey,budget_025mmag_ds050,0.5,DES_Dovekie_raw:IDSURVEY_OTHER,survey,0.025,-0.062048717352601666,-2.4819486941040667
HD,dataset+idsurvey,budget_025mmag_ds050,0.5,PantheonPlusSH0ES:IDSURVEY_OTHER,survey,0.025,-0.23800193983693502,-9.5200775934774
HD,dataset+idsurvey,budget_025mmag_ds050,1.0,DES_Dovekie_raw:IDSURVEY_10,survey,0.025,-0.7925547767001451,-31.702191068005803
HD,dataset+idsurvey,budget_025mmag_ds050,1.0,DES_Dovekie_raw:IDSURVEY_150,survey,0.025,-0.15833186236563196,-6.333274494625278
HD,dataset+idsurvey,budget_025mmag_ds050,1.0,DES_Dovekie_raw:IDSURVEY_64,survey,0.025,-0.10363892097374658,-4.1455568389498625
HD,dataset+idsurvey,budget_025mmag_ds050,1.0,DES_Dovekie_raw:IDSURVEY_65,survey,0.025,-0.10589322463832439,-4.235728985532975
HD,dataset+idsurvey,budget_025mmag_ds050,1.0,PantheonPlusSH0ES:IDSURVEY_1,survey,0.025,-0.43486205427750924,-17.394482171100368
HD,dataset+idsurvey,budget_025mmag_ds050,1.0,PantheonPlusSH0ES:IDSURVEY_10,survey,0.025,-0.6526200112791641,-26.104800451166565
HD,dataset+idsurvey,budget_025mmag_ds050,1.0,PantheonPlusSH0ES:IDSURVEY_15,survey,0.025,-0.5624935667666255,-22.49974267066502
HD,dataset+idsurvey,budget_025mmag_ds050,1.0,PantheonPlusSH0ES:IDSURVEY_150,survey,0.025,-0.3439424157794195,-13.757696631176778
HD,dataset+idsurvey,budget_025mmag_ds050,1.0,PantheonPlusSH0ES:IDSURVEY_4,survey,0.025,-0.7172345799120906,-28.68938319648362
HD,dataset+idsurvey,budget_025mmag_ds050,1.0,PantheonPlusSH0ES:IDSURVEY_5,survey,0.025,-0.1769043184340645,-7.0761727373625805
HD,dataset+idsurvey,budget_025mmag_ds050,1.0,PantheonPlusSH0ES:IDSURVEY_50,survey,0.025,-0.07275222606237891,-2.9100890424951564
HD,dataset+idsurvey,budget_025mmag_ds050,1.0,PantheonPlusSH0ES:IDSURVEY_51,survey,0.025,-0.15844542504891201,-6.337817001956481
HD,dataset+idsurvey,budget_025mmag_ds050,1.0,PantheonPlusSH0ES:IDSURVEY_56,survey,0.025,-0.059206927143220005,-2.3682770857288
HD,dataset+idsurvey,budget_025mmag_ds050,1.0,PantheonPlusSH0ES:IDSURVEY_57,survey,0.025,-0.1823020156637709,-7.292080626550836
HD,dataset+idsurvey,budget_025mmag_ds050,1.0,PantheonPlusSH0ES:IDSURVEY_63,survey,0.025,-0.116530708698729,-4.66122834794916
HD,dataset+idsurvey,budget_025mmag_ds050,1.0,PantheonPlusSH0ES:IDSURVEY_64,survey,0.025,-0.17165512809043992,-6.866205123617597
HD,dataset+idsurvey,budget_025mmag_ds050,1.0,PantheonPlusSH0ES:IDSURVEY_65,survey,0.025,-0.13097982664779304,-5.239193065911721
HD,dataset+idsurvey,budget_025mmag_ds050,1.0,Union3p1_UNITY1p8,dataset,0.05,-0.9955118313403539,-19.910236626807077
HD,dataset+idsurvey,budget_025mmag_ds050,1.0,DES_Dovekie_raw:IDSURVEY_OTHER,survey,0.025,-0.1000142858384751,-4.000571433539004
HD,dataset+idsurvey,budget_025mmag_ds050,1.0,PantheonPlusSH0ES:IDSURVEY_OTHER,survey,0.025,-0.37445456556774753,-14.9781826227099
HEL,dataset+idsurvey,budget_025mmag_ds050,0.0,DES_Dovekie_raw:IDSURVEY_10,survey,0.025,0.009498893756261118,0.3799557502504447
HEL,dataset+idsurvey,budget_025mmag_ds050,0.0,DES_Dovekie_raw:IDSURVEY_150,survey,0.025,-0.006767817385884292,-0.2707126954353717
HEL,dataset+idsurvey,budget_025mmag_ds050,0.0,DES_Dovekie_raw:IDSURVEY_64,survey,0.025,-0.003334322007351866,-0.13337288029407462
HEL,dataset+idsurvey,budget_025mmag_ds050,0.0,DES_Dovekie_raw:IDSURVEY_65,survey,0.025,-0.00658841093439261,-0.26353643737570437
HEL,dataset+idsurvey,budget_025mmag_ds050,0.0,PantheonPlusSH0ES:IDSURVEY_1,survey,0.025,-0.12614077692262624,-5.045631076905049
HEL,dataset+idsurvey,budget_025mmag_ds050,0.0,PantheonPlusSH0ES:IDSURVEY_10,survey,0.025,-0.10631314084111979,-4.252525633644791
HEL,dataset+idsurvey,budget_025mmag_ds050,0.0,PantheonPlusSH0ES:IDSURVEY_15,survey,0.025,-0.08350736193908519,-3.340294477563407
HEL,dataset+idsurvey,budget_025mmag_ds050,0.0,PantheonPlusSH0ES:IDSURVEY_150,survey,0.025,-0.11839460999942342,-4.735784399976937
HEL,dataset+idsurvey,budget_025mmag_ds050,0.0,PantheonPlusSH0ES:IDSURVEY_4,survey,0.025,-0.06575713807191398,-2.630285522876559
HEL,dataset+idsurvey,budget_025mmag_ds050,0.0,PantheonPlusSH0ES:IDSURVEY_5,survey,0.025,-0.0777472277312464,-3.1098891092498557
HEL,dataset+idsurvey,budget_025mmag_ds050,0.0,PantheonPlusSH0ES:IDSURVEY_50,survey,0.025,-0.0410423825703701,-1.641695302814804
HEL,dataset+idsurvey,budget_025mmag_ds050,0.0,PantheonPlusSH0ES:IDSURVEY_51,survey,0.025,-0.05817604664821348,-2.327041865928539
HEL,dataset+idsurvey,budget_025mmag_ds050,0.0,PantheonPlusSH0ES:IDSURVEY_56,survey,0.025,-0.03917745514838612,-1.5670982059354448
HEL,dataset+idsurvey,budget_025mmag_ds050,0.0,PantheonPlusSH0ES:IDSURVEY_57,survey,0.025,-0.08294020776044453,-3.317608310417781
HEL,dataset+idsurvey,budget_025mmag_ds050,0.0,PantheonPlusSH0ES:IDSURVEY_63,survey,0.025,-0.03774059950182143,-1.5096239800728573
HEL,dataset+idsurvey,budget_025mmag_ds050,0.0,PantheonPlusSH0ES:IDSURVEY_64,survey,0.025,-0.0844706211615338,-3.3788248464613515
HEL,dataset+idsurvey,budget_025mmag_ds050,0.0,PantheonPlusSH0ES:IDSURVEY_65,survey,0.025,-0.05359334090117914,-2.1437336360471657
HEL,dataset+idsurvey,budget_025mmag_ds050,0.0,Union3p1_UNITY1p8,dataset,0.05,-0.014713177083495284,-0.29426354166990565
HEL,dataset+idsurvey,budget_025mmag_ds050,0.0,DES_Dovekie_raw:IDSURVEY_OTHER,survey,0.025,-0.015593944969629372,-0.6237577987851748
HEL,dataset+idsurvey,budget_025mmag_ds050,0.0,PantheonPlusSH0ES:IDSURVEY_OTHER,survey,0.025,-0.09594510370423644,-3.8378041481694574
HEL,dataset+idsurvey,budget_025mmag_ds050,0.5,DES_Dovekie_raw:IDSURVEY_10,survey,0.025,-0.3950455655171865,-15.80182262068746
HEL,dataset+idsurvey,budget_025mmag_ds050,0.5,DES_Dovekie_raw:IDSURVEY_150,survey,0.025,-0.07593910183400851,-3.03756407336034
HEL,dataset+idsurvey,budget_025mmag_ds050,0.5,DES_Dovekie_raw:IDSURVEY_64,survey,0.025,-0.048910539848052874,-1.9564215939221148
HEL,dataset+idsurvey,budget_025mmag_ds050,0.5,DES_Dovekie_raw:IDSURVEY_65,survey,0.025,-0.04971944595015126,-1.9887778380060501
HEL,dataset+idsurvey,budget_025mmag_ds050,0.5,PantheonPlusSH0ES:IDSURVEY_1,survey,0.025,-0.2861494827839173,-11.445979311356691
HEL,dataset+idsurvey,budget_025mmag_ds050,0.5,PantheonPlusSH0ES:IDSURVEY_10,survey,0.025,-0.3821224085385504,-15.284896341542016
HEL,dataset+idsurvey,budget_025mmag_ds050,0.5,PantheonPlusSH0ES:IDSURVEY_15,survey,0.025,-0.3207297254400409,-12.829189017601635
HEL,dataset+idsurvey,budget_025mmag_ds050,0.5,PantheonPlusSH0ES:IDSURVEY_150,survey,0.025,-0.22194710285924754,-8.877884114369902
HEL,dataset+idsurvey,budget_025mmag_ds050,0.5,PantheonPlusSH0ES:IDSURVEY_4,survey,0.025,-0.3926196076223872,-15.704784304895487
HEL,dataset+idsurvey,budget_025mmag_ds050,0.5,PantheonPlusSH0ES:IDSURVEY_5,survey,0.025,-0.12347251383190572,-4.938900553276229
HEL,dataset+idsurvey,budget_025mmag_ds050,0.5,PantheonPlusSH0ES:IDSURVEY_50,survey,0.025,-0.05576419269818346,-2.2305677079273383
HEL,dataset+idsurvey,budget_025mmag_ds050,0.5,PantheonPlusSH0ES:IDSURVEY_51,survey,0.025,-0.10541080523844727,-4.21643220953789
HEL,dataset+idsurvey,budget_025mmag_ds050,0.5,PantheonPlusSH0ES:IDSURVEY_56,survey,0.025,-0.04755568243921155,-1.902227297568462
HEL,dataset+idsurvey,budget_025mmag_ds050,0.5,PantheonPlusSH0ES:IDSURVEY_57,survey,0.025,-0.13060066342955592,-5.224026537182237
HEL,dataset+idsurvey,budget_025mmag_ds050,0.5,PantheonPlusSH0ES:IDSURVEY_63,survey,0.025,-0.06936530325801196,-2.7746121303204783
HEL,dataset+idsurvey,budget_025mmag_ds050,0.5,PantheonPlusSH0ES:IDSURVEY_64,survey,0.025,-0.12148973127905366,-4.859589251162146
HEL,dataset+idsurvey,budget_025mmag_ds050,0.5,PantheonPlusSH0ES:IDSURVEY_65,survey,0.025,-0.08403653942574082,-3.3614615770296328
HEL,dataset+idsurvey,budget_025mmag_ds050,0.5,Union3p1_UNITY1p8,dataset,0.05,-0.5051125042119248,-10.102250084238495
HEL,dataset+idsurvey,budget_025mmag_ds050,0.5,DES_Dovekie_raw:IDSURVEY_OTHER,survey,0.025,-0.05343160047687502,-2.1372640190750007
HEL,dataset+idsurvey,budget_025mmag_ds050,0.5,PantheonPlusSH0ES:IDSURVEY_OTHER,survey,0.025,-0.23224646085831605,-9.289858434332642
HEL,dataset+idsurvey,budget_025mmag_ds050,1.0,DES_Dovekie_raw:IDSURVEY_10,survey,0.025,-0.7995900247906339,-31.983600991625355
HEL,dataset+idsurvey,budget_025mmag_ds050,1.0,DES_Dovekie_raw:IDSURVEY_150,survey,0.025,-0.1451103862821326,-5.804415451285304
HEL,dataset+idsurvey,budget_025mmag_ds050,1.0,DES_Dovekie_raw:IDSURVEY_64,survey,0.025,-0.09448675768875381,-3.7794703075501523
HEL,dataset+idsurvey,budget_025mmag_ds050,1.0,DES_Dovekie_raw:IDSURVEY_65,survey,0.025,-0.09285048096590941,-3.714019238636376
HEL,dataset+idsurvey,budget_025mmag_ds050,1.0,PantheonPlusSH0ES:IDSURVEY_1,survey,0.025,-0.4461581886452095,-17.84632754580838
HEL,dataset+idsurvey,budget_025mmag_ds050,1.0,PantheonPlusSH0ES:IDSURVEY_10,survey,0.025,-0.6579316762359814,-26.317267049439252
HEL,dataset+idsurvey,budget_025mmag_ds050,1.0,PantheonPlusSH0ES:IDSURVEY_15,survey,0.025,-0.5579520889409971,-22.318083557639884
HEL,dataset+idsurvey,budget_025mmag_ds050,1.0,PantheonPlusSH0ES:IDSURVEY_150,survey,0.025,-0.32549959571907094,-13.019983828762838
HEL,dataset+idsurvey,budget_025mmag_ds050,1.0,PantheonPlusSH0ES:IDSURVEY_4,survey,0.025,-0.7194820771728602,-28.779283086914404
HEL,dataset+idsurvey,budget_025mmag_ds050,1.0,PantheonPlusSH0ES:IDSURVEY_5,survey,0.025,-0.16919779993256506,-6.767911997302602
HEL,dataset+idsurvey,budget_025mmag_ds050,1.0,PantheonPlusSH0ES:IDSURVEY_50,survey,0.025,-0.07048600282599701,-2.8194401130398803
HEL,dataset+idsurvey,budget_025mmag_ds050,1.0,PantheonPlusSH0ES:IDSURVEY_51,survey,0.025,-0.1526455638286815,-6.105822553147259
HEL,dataset+idsurvey,budget_025mmag_ds050,1.0,PantheonPlusSH0ES:IDSURVEY_56,survey,0.025,-0.05593390973003646,-2.2373563892014583
HEL,dataset+idsurvey,budget_025mmag_ds050,1.0,PantheonPlusSH0ES:IDSURVEY_57,survey,0.025,-0.1782611190986672,-7.130444763946688
HEL,dataset+idsurvey,budget_025mmag_ds050,1.0,PantheonPlusSH0ES:IDSURVEY_63,survey,0.025,-0.10099000701420258,-4.039600280568103
HEL,dataset+idsurvey,budget_025mmag_ds050,1.0,PantheonPlusSH0ES:IDSURVEY_64,survey,0.025,-0.1585088413965733,-6.340353655862932
HEL,dataset+idsurvey,budget_025mmag_ds050,1.0,PantheonPlusSH0ES:IDSURVEY_65,survey,0.025,-0.11447973795030214,-4.579189518012085
HEL,dataset+idsurvey,budget_025mmag_ds050,1.0,Union3p1_UNITY1p8,dataset,0.05,-0.9955118313403539,-19.910236626807077
HEL,dataset+idsurvey,budget_025mmag_ds050,1.0,DES_Dovekie_raw:IDSURVEY_OTHER,survey,0.025,-0.09126925598412107,-3.6507702393648427
HEL,dataset+idsurvey,budget_025mmag_ds050,1.0,PantheonPlusSH0ES:IDSURVEY_OTHER,survey,0.025,-0.36854781801239656,-14.741912720495861
CMB_PANTHEON_ONLY,dataset+idsurvey,budget_025mmag_ds050,0.0,DES_Dovekie_raw:IDSURVEY_10,survey,0.025,0.015190141760608651,0.607605670424346
CMB_PANTHEON_ONLY,dataset+idsurvey,budget_025mmag_ds050,0.0,DES_Dovekie_raw:IDSURVEY_150,survey,0.025,-0.019532764416947797,-0.7813105766779118
CMB_PANTHEON_ONLY,dataset+idsurvey,budget_025mmag_ds050,0.0,DES_Dovekie_raw:IDSURVEY_64,survey,0.025,-0.01222933759548876,-0.4891735038195504
CMB_PANTHEON_ONLY,dataset+idsurvey,budget_025mmag_ds050,0.0,DES_Dovekie_raw:IDSURVEY_65,survey,0.025,-0.019147917326123795,-0.7659166930449518
CMB_PANTHEON_ONLY,dataset+idsurvey,budget_025mmag_ds050,0.0,PantheonPlusSH0ES:IDSURVEY_1,survey,0.025,-0.11097900104272385,-4.439160041708954
CMB_PANTHEON_ONLY,dataset+idsurvey,budget_025mmag_ds050,0.0,PantheonPlusSH0ES:IDSURVEY_10,survey,0.025,-0.09955728363191735,-3.982291345276694
CMB_PANTHEON_ONLY,dataset+idsurvey,budget_025mmag_ds050,0.0,PantheonPlusSH0ES:IDSURVEY_15,survey,0.025,-0.08411401493101833,-3.3645605972407333
CMB_PANTHEON_ONLY,dataset+idsurvey,budget_025mmag_ds050,0.0,PantheonPlusSH0ES:IDSURVEY_150,survey,0.025,-0.1268131784805717,-5.072527139222867
CMB_PANTHEON_ONLY,dataset+idsurvey,budget_025mmag_ds050,0.0,PantheonPlusSH0ES:IDSURVEY_4,survey,0.025,-0.05987798513696941,-2.395119405478776
CMB_PANTHEON_ONLY,dataset+idsurvey,budget_025mmag_ds050,0.0,PantheonPlusSH0ES:IDSURVEY_5,survey,0.025,-0.08162922150812076,-3.26516886032483
CMB_PANTHEON_ONLY,dataset+idsurvey,budget_025mmag_ds050,0.0,PantheonPlusSH0ES:IDSURVEY_50,survey,0.025,-0.047854580583230465,-1.9141832233292184
CMB_PANTHEON_ONLY,dataset+idsurvey,budget_025mmag_ds050,0.0,PantheonPlusSH0ES:IDSURVEY_51,survey,0.025,-0.05209031934789865,-2.083612773915946
CMB_PANTHEON_ONLY,dataset+idsurvey,budget_025mmag_ds050,0.0,PantheonPlusSH0ES:IDSURVEY_56,survey,0.025,-0.04108890322809661,-1.6435561291238643
CMB_PANTHEON_ONLY,dataset+idsurvey,budget_025mmag_ds050,0.0,PantheonPlusSH0ES:IDSURVEY_57,survey,0.025,-0.07260647159928513,-2.904258863971405
CMB_PANTHEON_ONLY,dataset+idsurvey,budget_025mmag_ds050,0.0,PantheonPlusSH0ES:IDSURVEY_63,survey,0.025,-0.03930788201300474,-1.5723152805201894
CMB_PANTHEON_ONLY,dataset+idsurvey,budget_025mmag_ds050,0.0,PantheonPlusSH0ES:IDSURVEY_64,survey,0.025,-0.08585315341838957,-3.434126136735583
CMB_PANTHEON_ONLY,dataset+idsurvey,budget_025mmag_ds050,0.0,PantheonPlusSH0ES:IDSURVEY_65,survey,0.025,-0.059223468913794965,-2.3689387565517985
CMB_PANTHEON_ONLY,dataset+idsurvey,budget_025mmag_ds050,0.0,Union3p1_UNITY1p8,dataset,0.05,-0.014713177083495284,-0.29426354166990565
CMB_PANTHEON_ONLY,dataset+idsurvey,budget_025mmag_ds050,0.0,DES_Dovekie_raw:IDSURVEY_OTHER,survey,0.025,-0.024083148866727615,-0.9633259546691045
CMB_PANTHEON_ONLY,dataset+idsurvey,budget_025mmag_ds050,0.0,PantheonPlusSH0ES:IDSURVEY_OTHER,survey,0.025,-0.09061193168319678,-3.624477267327871
CMB_PANTHEON_ONLY,dataset+idsurvey,budget_025mmag_ds050,0.5,DES_Dovekie_raw:IDSURVEY_10,survey,0.025,-0.3886823174697681,-15.547292698790724
CMB_PANTHEON_ONLY,dataset+idsurvey,budget_025mmag_ds050,0.5,DES_Dovekie_raw:IDSURVEY_150,survey,0.025,-0.08893231339128992,-3.5572925356515963
CMB_PANTHEON_ONLY,dataset+idsurvey,budget_025mmag_ds050,0.5,DES_Dovekie_raw:IDSURVEY_64,survey,0.025,-0.057934129284617365,-2.3173651713846946
CMB_PANTHEON_ONLY,dataset+idsurvey,budget_025mmag_ds050,0.5,DES_Dovekie_raw:IDSURVEY_65,survey,0.025,-0.06252057098222412,-2.5008228392889644
CMB_PANTHEON_ONLY,dataset+idsurvey,budget_025mmag_ds050,0.5,PantheonPlusSH0ES:IDSURVEY_1,survey,0.025,-0.27010967768267147,-10.804387107306859
CMB_PANTHEON_ONLY,dataset+idsurvey,budget_025mmag_ds050,0.5,PantheonPlusSH0ES:IDSURVEY_10,survey,0.025,-0.37493385368628196,-14.997354147451277
CMB_PANTHEON_ONLY,dataset+idsurvey,budget_025mmag_ds050,0.5,PantheonPlusSH0ES:IDSURVEY_15,survey,0.025,-0.32150377912628897,-12.860151165051558
CMB_PANTHEON_ONLY,dataset+idsurvey,budget_025mmag_ds050,0.5,PantheonPlusSH0ES:IDSURVEY_150,survey,0.025,-0.23042273688158582,-9.216909475263432
CMB_PANTHEON_ONLY,dataset+idsurvey,budget_025mmag_ds050,0.5,PantheonPlusSH0ES:IDSURVEY_4,survey,0.025,-0.38678998416628685,-15.471599366651473
CMB_PANTHEON_ONLY,dataset+idsurvey,budget_025mmag_ds050,0.5,PantheonPlusSH0ES:IDSURVEY_5,survey,0.025,-0.12726809637619244,-5.090723855047697
CMB_PANTHEON_ONLY,dataset+idsurvey,budget_025mmag_ds050,0.5,PantheonPlusSH0ES:IDSURVEY_50,survey,0.025,-0.06267239354622321,-2.506895741848928
CMB_PANTHEON_ONLY,dataset+idsurvey,budget_025mmag_ds050,0.5,PantheonPlusSH0ES:IDSURVEY_51,survey,0.025,-0.09917178557698823,-3.966871423079529
CMB_PANTHEON_ONLY,dataset+idsurvey,budget_025mmag_ds050,0.5,PantheonPlusSH0ES:IDSURVEY_56,survey,0.025,-0.04939841553894155,-1.975936621557662
CMB_PANTHEON_ONLY,dataset+idsurvey,budget_025mmag_ds050,0.5,PantheonPlusSH0ES:IDSURVEY_57,survey,0.025,-0.12022452453074652,-4.80898098122986
CMB_PANTHEON_ONLY,dataset+idsurvey,budget_025mmag_ds050,0.5,PantheonPlusSH0ES:IDSURVEY_63,survey,0.025,-0.07154694592245094,-2.8618778368980373
CMB_PANTHEON_ONLY,dataset+idsurvey,budget_025mmag_ds050,0.5,PantheonPlusSH0ES:IDSURVEY_64,survey,0.025,-0.12283650385196328,-4.913460154078531
CMB_PANTHEON_ONLY,dataset+idsurvey,budget_025mmag_ds050,0.5,PantheonPlusSH0ES:IDSURVEY_65,survey,0.025,-0.08968554613605673,-3.587421845442269
CMB_PANTHEON_ONLY,dataset+idsurvey,budget_025mmag_ds050,0.5,Union3p1_UNITY1p8,dataset,0.05,-0.5051125042119248,-10.102250084238495
CMB_PANTHEON_ONLY,dataset+idsurvey,budget_025mmag_ds050,0.5,DES_Dovekie_raw:IDSURVEY_OTHER,survey,0.025,-0.062048717352601666,-2.4819486941040667
CMB_PANTHEON_ONLY,dataset+idsurvey,budget_025mmag_ds050,0.5,PantheonPlusSH0ES:IDSURVEY_OTHER,survey,0.025,-0.22685952820557845,-9.074381128223138
CMB_PANTHEON_ONLY,dataset+idsurvey,budget_025mmag_ds050,1.0,DES_Dovekie_raw:IDSURVEY_10,survey,0.025,-0.7925547767001451,-31.702191068005803
CMB_PANTHEON_ONLY,dataset+idsurvey,budget_025mmag_ds050,1.0,DES_Dovekie_raw:IDSURVEY_150,survey,0.025,-0.15833186236563196,-6.333274494625278
CMB_PANTHEON_ONLY,dataset+idsurvey,budget_025mmag_ds050,1.0,DES_Dovekie_raw:IDSURVEY_64,survey,0.025,-0.10363892097374658,-4.1455568389498625
CMB_PANTHEON_ONLY,dataset+idsurvey,budget_025mmag_ds050,1.0,DES_Dovekie_raw:IDSURVEY_65,survey,0.025,-0.10589322463832439,-4.235728985532975
CMB_PANTHEON_ONLY,dataset+idsurvey,budget_025mmag_ds050,1.0,PantheonPlusSH0ES:IDSURVEY_1,survey,0.025,-0.42924035432261853,-17.16961417290474
CMB_PANTHEON_ONLY,dataset+idsurvey,budget_025mmag_ds050,1.0,PantheonPlusSH0ES:IDSURVEY_10,survey,0.025,-0.6503104237406466,-26.012416949625862
CMB_PANTHEON_ONLY,dataset+idsurvey,budget_025mmag_ds050,1.0,PantheonPlusSH0ES:IDSURVEY_15,survey,0.025,-0.5588935433215595,-22.355741732862377
CMB_PANTHEON_ONLY,dataset+idsurvey,budget_025mmag_ds050,1.0,PantheonPlusSH0ES:IDSURVEY_150,survey,0.025,-0.33403229528259964,-13.361291811303985
CMB_PANTHEON_ONLY,dataset+idsurvey,budget_025mmag_ds050,1.0,PantheonPlusSH0ES:IDSURVEY_4,survey,0.025,-0.7137019831956037,-28.548079327824148
CMB_PANTHEON_ONLY,dataset+idsurvey,budget_025mmag_ds050,1.0,PantheonPlusSH0ES:IDSURVEY_5,survey,0.025,-0.17290697124426394,-6.916278849770557
CMB_PANTHEON_ONLY,dataset+idsurvey,budget_025mmag_ds050,1.0,PantheonPlusSH0ES:IDSURVEY_50,survey,0.025,-0.07749020650921629,-3.0996082603686514
CMB_PANTHEON_ONLY,dataset+idsurvey,budget_025mmag_ds050,1.0,PantheonPlusSH0ES:IDSURVEY_51,survey,0.025,-0.14625325180607715,-5.850130072243085
CMB_PANTHEON_ONLY,dataset+idsurvey,budget_025mmag_ds050,1.0,PantheonPlusSH0ES:IDSURVEY_56,survey,0.025,-0.057707927849786206,-2.308317113991448
CMB_PANTHEON_ONLY,dataset+idsurvey,budget_025mmag_ds050,1.0,PantheonPlusSH0ES:IDSURVEY_57,survey,0.025,-0.16784257746220835,-6.713703098488334
CMB_PANTHEON_ONLY,dataset+idsurvey,budget_025mmag_ds050,1.0,PantheonPlusSH0ES:IDSURVEY_63,survey,0.025,-0.10378600983189776,-4.15144039327591
CMB_PANTHEON_ONLY,dataset+idsurvey,budget_025mmag_ds050,1.0,PantheonPlusSH0ES:IDSURVEY_64,survey,0.025,-0.1598198542855362,-6.392794171421447
CMB_PANTHEON_ONLY,dataset+idsurvey,budget_025mmag_ds050,1.0,PantheonPlusSH0ES:IDSURVEY_65,survey,0.025,-0.12014762335831737,-4.805904934332695
CMB_PANTHEON_ONLY,dataset+idsurvey,budget_025mmag_ds050,1.0,Union3p1_UNITY1p8,dataset,0.05,-0.9955118313403539,-19.910236626807077
CMB_PANTHEON_ONLY,dataset+idsurvey,budget_025mmag_ds050,1.0,DES_Dovekie_raw:IDSURVEY_OTHER,survey,0.025,-0.1000142858384751,-4.000571433539004
CMB_PANTHEON_ONLY,dataset+idsurvey,budget_025mmag_ds050,1.0,PantheonPlusSH0ES:IDSURVEY_OTHER,survey,0.025,-0.3631071247279613,-14.524284989118451
