run_label,frame,frame_z_map,datasets,random_mode,prior_config,dataset_sigma_mag,survey_sigma_mag,model,N,k_base,k_random,dof_base,dof_nominal,H0,beta,H0_minus_67p5,beta_minus_0p5,raw_chi2_no_offsets,data_chi2_map,prior_chi2,posterior_objective,logdet_random_effect,marginal_score,chi2_dof_base,chi2_dof_nominal,AIC_random_marginal_base,BIC_random_marginal_base,success,method,random_effect_note
joint_des_pantheon_union31_HD_none_none_FR_BETA05_H0fixed675,HD,"{""DES_Dovekie_raw"": ""zHD"", ""PantheonPlusSH0ES"": ""zHD"", ""Union3p1_UNITY1p8"": ""z""}",PantheonPlusSH0ES+DES_Dovekie_raw+Union3p1_UNITY1p8,none,none,0.0,0.0,FR_BETA05_H0fixed675,3422,0,0,3422,3422,67.5,0.5,0.0,0.0,4227.901691317376,4227.901691317376,0.0,4227.901691317376,0.0,4227.901691317376,1.235506046556802,1.235506046556802,4227.901691317376,4227.901691317376,True,fixed,no calibration offsets
joint_des_pantheon_union31_HD_none_none_FR_BETAfree_H0fixed675,HD,"{""DES_Dovekie_raw"": ""zHD"", ""PantheonPlusSH0ES"": ""zHD"", ""Union3p1_UNITY1p8"": ""z""}",PantheonPlusSH0ES+DES_Dovekie_raw+Union3p1_UNITY1p8,none,none,0.0,0.0,FR_BETAfree_H0fixed675,3422,1,0,3421,3421,67.5,0.4665320888181414,0.0,-0.0334679111818586,4109.86590871017,4109.86590871017,0.0,4109.86590871017,0.0,4109.86590871017,1.2013639019906956,1.2013639019906956,4111.86590871017,4118.003889164622,True,minimize_beta,no calibration offsets
joint_des_pantheon_union31_HD_none_none_FR_BETA05_H0free,HD,"{""DES_Dovekie_raw"": ""zHD"", ""PantheonPlusSH0ES"": ""zHD"", ""Union3p1_UNITY1p8"": ""z""}",PantheonPlusSH0ES+DES_Dovekie_raw+Union3p1_UNITY1p8,none,none,0.0,0.0,FR_BETA05_H0free,3422,1,0,3421,3421,69.1430916395926,0.5,1.6430916395925976,0.0,3746.8570048411916,3746.8570048411916,0.0,3746.8570048411916,0.0,3746.8570048411916,1.0952519745224178,1.0952519745224178,3748.8570048411916,3754.994985295644,True,minimize_H0,no calibration offsets
joint_des_pantheon_union31_HD_none_none_FR_BETAfree_H0free,HD,"{""DES_Dovekie_raw"": ""zHD"", ""PantheonPlusSH0ES"": ""zHD"", ""Union3p1_UNITY1p8"": ""z""}",PantheonPlusSH0ES+DES_Dovekie_raw+Union3p1_UNITY1p8,none,none,0.0,0.0,FR_BETAfree_H0free,3422,2,0,3420,3420,71.78558442269265,0.624349386078951,4.285584422692651,0.12434938607895096,3422.5711557255863,3422.5711557255863,0.0,3422.5711557255863,0.0,3422.5711557255863,1.0007517999197622,1.0007517999197622,3426.5711557255863,3438.8471166344907,True,L-BFGS-B,no calibration offsets
joint_des_pantheon_union31_HD_dataset_budget_010mmag_ds020_FR_BETA05_H0fixed675,HD,"{""DES_Dovekie_raw"": ""zHD"", ""PantheonPlusSH0ES"": ""zHD"", ""Union3p1_UNITY1p8"": ""z""}",PantheonPlusSH0ES+DES_Dovekie_raw+Union3p1_UNITY1p8,dataset,budget_010mmag_ds020,0.02,0.0,FR_BETA05_H0fixed675,3422,0,3,3422,3419,67.5,0.5,0.0,0.0,4227.901691317376,3151.4265838174942,35.858438280867034,3187.2850220983614,9.545743914619994,3196.8307660129813,0.920931205089858,0.921739275758261,3196.8307660129813,3196.8307660129813,True,fixed,"3 Gaussian calibration offsets; dataset sigma=0.02 mag, survey sigma=0.01 mag"
joint_des_pantheon_union31_HD_dataset_budget_010mmag_ds020_FR_BETAfree_H0fixed675,HD,"{""DES_Dovekie_raw"": ""zHD"", ""PantheonPlusSH0ES"": ""zHD"", ""Union3p1_UNITY1p8"": ""z""}",PantheonPlusSH0ES+DES_Dovekie_raw+Union3p1_UNITY1p8,dataset,budget_010mmag_ds020,0.02,0.0,FR_BETAfree_H0fixed675,3422,1,3,3421,3418,67.5,0.5234028904439534,0.0,0.023402890443953384,4446.561110843781,3134.622414419428,43.982035079693354,3178.6044494991215,9.545743914619994,3188.1501934137414,0.9162883409586168,0.9170925729723312,3190.1501934137414,3196.2881738681936,True,minimize_beta,"3 Gaussian calibration offsets; dataset sigma=0.02 mag, survey sigma=0.01 mag"
joint_des_pantheon_union31_HD_dataset_budget_010mmag_ds020_FR_BETA05_H0free,HD,"{""DES_Dovekie_raw"": ""zHD"", ""PantheonPlusSH0ES"": ""zHD"", ""Union3p1_UNITY1p8"": ""z""}",PantheonPlusSH0ES+DES_Dovekie_raw+Union3p1_UNITY1p8,dataset,budget_010mmag_ds020,0.02,0.0,FR_BETA05_H0free,3422,1,3,3421,3418,68.87126837564097,0.5,1.371268375640966,0.0,3759.760915452087,3151.0818031466406,22.504019638128046,3173.5858227847684,9.545743914619994,3183.1315666993883,0.9210996209139551,0.9219080758182097,3185.1315666993883,3191.2695471538404,True,minimize_H0,"3 Gaussian calibration offsets; dataset sigma=0.02 mag, survey sigma=0.01 mag"
joint_des_pantheon_union31_HD_dataset_budget_010mmag_ds020_FR_BETAfree_H0free,HD,"{""DES_Dovekie_raw"": ""zHD"", ""PantheonPlusSH0ES"": ""zHD"", ""Union3p1_UNITY1p8"": ""z""}",PantheonPlusSH0ES+DES_Dovekie_raw+Union3p1_UNITY1p8,dataset,budget_010mmag_ds020,0.02,0.0,FR_BETAfree_H0free,3422,2,3,3420,3417,69.91061495922045,0.5475596751568829,2.410614959220453,0.047559675156882864,3553.0303786408476,3129.857920368075,16.04495390820926,3145.9028742762844,9.545743914619994,3155.448618190904,0.9151631346105483,0.915966614096598,3159.448618190904,3171.7245790998086,True,L-BFGS-B,"3 Gaussian calibration offsets; dataset sigma=0.02 mag, survey sigma=0.01 mag"
joint_des_pantheon_union31_HD_dataset_budget_016mmag_ds032_FR_BETA05_H0fixed675,HD,"{""DES_Dovekie_raw"": ""zHD"", ""PantheonPlusSH0ES"": ""zHD"", ""Union3p1_UNITY1p8"": ""z""}",PantheonPlusSH0ES+DES_Dovekie_raw+Union3p1_UNITY1p8,dataset,budget_016mmag_ds032,0.032,0.0,FR_BETA05_H0fixed675,3422,0,3,3422,3419,67.5,0.5,0.0,0.0,4227.901691317376,3150.3494595880993,14.61516234799481,3164.9646219360943,12.287411178360585,3177.252033114455,0.9206164405575977,0.9214242350360045,3177.252033114455,3177.252033114455,True,fixed,"3 Gaussian calibration offsets; dataset sigma=0.032 mag, survey sigma=0.016 mag"
joint_des_pantheon_union31_HD_dataset_budget_016mmag_ds032_FR_BETAfree_H0fixed675,HD,"{""DES_Dovekie_raw"": ""zHD"", ""PantheonPlusSH0ES"": ""zHD"", ""Union3p1_UNITY1p8"": ""z""}",PantheonPlusSH0ES+DES_Dovekie_raw+Union3p1_UNITY1p8,dataset,budget_016mmag_ds032,0.032,0.0,FR_BETAfree_H0fixed675,3422,1,3,3421,3418,67.5,0.5334371734501575,0.0,0.03343717345015751,4573.443640548478,3130.044953340307,19.83826786236511,3149.8832212026723,12.287411178360585,3162.170632381033,0.9149502932886019,0.9157533508894988,3164.170632381033,3170.3086128354853,True,minimize_beta,"3 Gaussian calibration offsets; dataset sigma=0.032 mag, survey sigma=0.016 mag"
joint_des_pantheon_union31_HD_dataset_budget_016mmag_ds032_FR_BETA05_H0free,HD,"{""DES_Dovekie_raw"": ""zHD"", ""PantheonPlusSH0ES"": ""zHD"", ""Union3p1_UNITY1p8"": ""z""}",PantheonPlusSH0ES+DES_Dovekie_raw+Union3p1_UNITY1p8,dataset,budget_016mmag_ds032,0.032,0.0,FR_BETA05_H0free,3422,1,3,3421,3418,68.86387663705564,0.5,1.3638766370556397,0.0,3760.473714469049,3150.2957148824316,9.234698231243819,3159.5304131136754,12.287411178360585,3171.817824292036,0.9208698377323682,0.9216780909544856,3173.817824292036,3179.9558047464884,True,minimize_H0,"3 Gaussian calibration offsets; dataset sigma=0.032 mag, survey sigma=0.016 mag"
joint_des_pantheon_union31_HD_dataset_budget_016mmag_ds032_FR_BETAfree_H0free,HD,"{""DES_Dovekie_raw"": ""zHD"", ""PantheonPlusSH0ES"": ""zHD"", ""Union3p1_UNITY1p8"": ""z""}",PantheonPlusSH0ES+DES_Dovekie_raw+Union3p1_UNITY1p8,dataset,budget_016mmag_ds032,0.032,0.0,FR_BETAfree_H0free,3422,2,3,3420,3417,69.83579053511482,0.5444384493397444,2.3357905351148247,0.04443844933974439,3563.9752444417873,3129.0131393260326,6.746084762521436,3135.759224088554,12.287411178360585,3148.046635266915,0.914916122609951,0.9157193852285727,3152.046635266915,3164.3225961758194,True,L-BFGS-B,"3 Gaussian calibration offsets; dataset sigma=0.032 mag, survey sigma=0.016 mag"
joint_des_pantheon_union31_HD_dataset_budget_025mmag_ds050_FR_BETA05_H0fixed675,HD,"{""DES_Dovekie_raw"": ""zHD"", ""PantheonPlusSH0ES"": ""zHD"", ""Union3p1_UNITY1p8"": ""z""}",PantheonPlusSH0ES+DES_Dovekie_raw+Union3p1_UNITY1p8,dataset,budget_025mmag_ds050,0.05,0.0,FR_BETA05_H0fixed675,3422,0,3,3422,3419,67.5,0.5,0.0,0.0,4227.901691317376,3150.1802667292022,6.084866822988976,3156.2651335521914,14.934915025536267,3171.2000485777276,0.9205669978752783,0.9213747489702259,3171.2000485777276,3171.2000485777276,True,fixed,"3 Gaussian calibration offsets; dataset sigma=0.05 mag, survey sigma=0.025 mag"
joint_des_pantheon_union31_HD_dataset_budget_025mmag_ds050_FR_BETAfree_H0fixed675,HD,"{""DES_Dovekie_raw"": ""zHD"", ""PantheonPlusSH0ES"": ""zHD"", ""Union3p1_UNITY1p8"": ""z""}",PantheonPlusSH0ES+DES_Dovekie_raw+Union3p1_UNITY1p8,dataset,budget_025mmag_ds050,0.05,0.0,FR_BETAfree_H0fixed675,3422,1,3,3421,3418,67.5,0.5383695716398504,0.0,0.03836957163985044,4642.958771998304,3129.0773282813147,8.69616229699528,3137.77349057831,14.934915025536267,3152.708405603846,0.9146674446890718,0.9154702540319821,3154.708405603846,3160.8463860582983,True,minimize_beta,"3 Gaussian calibration offsets; dataset sigma=0.05 mag, survey sigma=0.025 mag"
joint_des_pantheon_union31_HD_dataset_budget_025mmag_ds050_FR_BETA05_H0free,HD,"{""DES_Dovekie_raw"": ""zHD"", ""PantheonPlusSH0ES"": ""zHD"", ""Union3p1_UNITY1p8"": ""z""}",PantheonPlusSH0ES+DES_Dovekie_raw+Union3p1_UNITY1p8,dataset,budget_025mmag_ds050,0.05,0.0,FR_BETA05_H0free,3422,1,3,3421,3418,68.86097116471534,0.5,1.3609711647153375,0.0,3760.75916215609,3150.171178930258,3.855054508454497,3154.0262334387126,14.934915025536267,3168.9611484642487,0.920833434355527,0.9216416556261726,3170.9611484642487,3177.099128918701,True,minimize_H0,"3 Gaussian calibration offsets; dataset sigma=0.05 mag, survey sigma=0.025 mag"
joint_des_pantheon_union31_HD_dataset_budget_025mmag_ds050_FR_BETAfree_H0free,HD,"{""DES_Dovekie_raw"": ""zHD"", ""PantheonPlusSH0ES"": ""zHD"", ""Union3p1_UNITY1p8"": ""z""}",PantheonPlusSH0ES+DES_Dovekie_raw+Union3p1_UNITY1p8,dataset,budget_025mmag_ds050,0.05,0.0,FR_BETAfree_H0free,3422,2,3,3420,3417,69.80571529665752,0.5431892115208309,2.3057152966575245,0.043189211520830884,3568.496526528868,3128.87552636785,2.8434132912815273,3131.7189396591316,14.934915025536267,3146.6538546846677,0.9148758849028801,0.9156791121942786,3150.6538546846677,3162.929815593572,True,L-BFGS-B,"3 Gaussian calibration offsets; dataset sigma=0.05 mag, survey sigma=0.025 mag"
joint_des_pantheon_union31_HD_dataset_budget_050mmag_ds100_stress_FR_BETA05_H0fixed675,HD,"{""DES_Dovekie_raw"": ""zHD"", ""PantheonPlusSH0ES"": ""zHD"", ""Union3p1_UNITY1p8"": ""z""}",PantheonPlusSH0ES+DES_Dovekie_raw+Union3p1_UNITY1p8,dataset,budget_050mmag_ds100_stress,0.1,0.0,FR_BETA05_H0fixed675,3422,0,3,3422,3419,67.5,0.5,0.0,0.0,4227.901691317376,3150.1476735890537,1.534270720418525,3151.6819443094723,19.07794816011443,3170.7598924695867,0.9205574732872747,0.9213652160248768,3170.7598924695867,3170.7598924695867,True,fixed,"3 Gaussian calibration offsets; dataset sigma=0.1 mag, survey sigma=0.05 mag"
joint_des_pantheon_union31_HD_dataset_budget_050mmag_ds100_stress_FR_BETAfree_H0fixed675,HD,"{""DES_Dovekie_raw"": ""zHD"", ""PantheonPlusSH0ES"": ""zHD"", ""Union3p1_UNITY1p8"": ""z""}",PantheonPlusSH0ES+DES_Dovekie_raw+Union3p1_UNITY1p8,dataset,budget_050mmag_ds100_stress,0.1,0.0,FR_BETAfree_H0fixed675,3422,1,3,3421,3418,67.5,0.541272701511485,0.0,0.04127270151148499,4686.05587886116,3128.8623549852305,2.2610245314690696,3131.1233795166995,19.07794816011443,3150.201327676814,0.9146046053742269,0.9154073595626772,3152.201327676814,3158.339308131266,True,minimize_beta,"3 Gaussian calibration offsets; dataset sigma=0.1 mag, survey sigma=0.05 mag"
joint_des_pantheon_union31_HD_dataset_budget_050mmag_ds100_stress_FR_BETA05_H0free,HD,"{""DES_Dovekie_raw"": ""zHD"", ""PantheonPlusSH0ES"": ""zHD"", ""Union3p1_UNITY1p8"": ""z""}",PantheonPlusSH0ES+DES_Dovekie_raw+Union3p1_UNITY1p8,dataset,budget_050mmag_ds100_stress,0.1,0.0,FR_BETA05_H0free,3422,1,3,3421,3418,68.85943485474424,0.5,1.3594348547442365,0.0,3760.9112983741716,3150.1471033149587,0.9734085702223666,3151.1205118851813,19.07794816011443,3170.1984600452956,0.9208263967597073,0.921634611853411,3172.1984600452956,3178.336440499748,True,minimize_H0,"3 Gaussian calibration offsets; dataset sigma=0.1 mag, survey sigma=0.05 mag"
joint_des_pantheon_union31_HD_dataset_budget_050mmag_ds100_stress_FR_BETAfree_H0free,HD,"{""DES_Dovekie_raw"": ""zHD"", ""PantheonPlusSH0ES"": ""zHD"", ""Union3p1_UNITY1p8"": ""z""}",PantheonPlusSH0ES+DES_Dovekie_raw+Union3p1_UNITY1p8,dataset,budget_050mmag_ds100_stress,0.1,0.0,FR_BETAfree_H0free,3422,2,3,3420,3417,69.78968842313597,0.5425236313249614,2.2896884231359707,0.0425236313249614,3570.936107586993,3128.848616669581,0.7216425188524999,3129.5702591884337,19.07794816011443,3148.648207348548,0.914868016570053,0.9156712369533454,3152.648207348548,3164.9241682574525,True,L-BFGS-B,"3 Gaussian calibration offsets; dataset sigma=0.1 mag, survey sigma=0.05 mag"
joint_des_pantheon_union31_HD_dataset+survey_budget_010mmag_ds020_FR_BETA05_H0fixed675,HD,"{""DES_Dovekie_raw"": ""zHD"", ""PantheonPlusSH0ES"": ""zHD"", ""Union3p1_UNITY1p8"": ""z""}",PantheonPlusSH0ES+DES_Dovekie_raw+Union3p1_UNITY1p8,dataset+survey,budget_010mmag_ds020,0.02,0.01,FR_BETA05_H0fixed675,3422,0,27,3422,3395,67.5,0.5,0.0,0.0,4227.901691317376,3120.1786128611575,47.43769316499402,3167.6163060261515,14.83533483809984,3182.451640864251,0.9117997115316065,0.9190511378088829,3182.451640864251,3182.451640864251,True,fixed,"27 Gaussian calibration offsets; dataset sigma=0.02 mag, survey sigma=0.01 mag"
joint_des_pantheon_union31_HD_dataset+survey_budget_010mmag_ds020_FR_BETAfree_H0fixed675,HD,"{""DES_Dovekie_raw"": ""zHD"", ""PantheonPlusSH0ES"": ""zHD"", ""Union3p1_UNITY1p8"": ""z""}",PantheonPlusSH0ES+DES_Dovekie_raw+Union3p1_UNITY1p8,dataset+survey,budget_010mmag_ds020,0.02,0.01,FR_BETAfree_H0fixed675,3422,1,27,3421,3394,67.5,0.5148656651333499,0.0,0.014865665133349859,4354.142916964271,3114.777093763697,49.87673540517186,3164.653829168869,14.83533483809984,3179.4891640069686,0.9104873118280319,0.9177304342261924,3181.4891640069686,3187.627144461421,True,minimize_beta,"27 Gaussian calibration offsets; dataset sigma=0.02 mag, survey sigma=0.01 mag"
joint_des_pantheon_union31_HD_dataset+survey_budget_010mmag_ds020_FR_BETA05_H0free,HD,"{""DES_Dovekie_raw"": ""zHD"", ""PantheonPlusSH0ES"": ""zHD"", ""Union3p1_UNITY1p8"": ""z""}",PantheonPlusSH0ES+DES_Dovekie_raw+Union3p1_UNITY1p8,dataset+survey,budget_010mmag_ds020,0.02,0.01,FR_BETA05_H0free,3422,1,27,3421,3394,69.08736228312455,0.5,1.5873622831245484,0.0,3747.397705659457,3117.386382081359,32.7185087721938,3150.1048908535527,14.83533483809984,3164.9402256916524,0.9112500386089912,0.9184992286627457,3166.9402256916524,3173.0782061461045,True,minimize_H0,"27 Gaussian calibration offsets; dataset sigma=0.02 mag, survey sigma=0.01 mag"
joint_des_pantheon_union31_HD_dataset+survey_budget_010mmag_ds020_FR_BETAfree_H0free,HD,"{""DES_Dovekie_raw"": ""zHD"", ""PantheonPlusSH0ES"": ""zHD"", ""Union3p1_UNITY1p8"": ""z""}",PantheonPlusSH0ES+DES_Dovekie_raw+Union3p1_UNITY1p8,dataset+survey,budget_010mmag_ds020,0.02,0.01,FR_BETAfree_H0free,3422,2,27,3420,3393,69.87791595285209,0.539498185684382,2.377915952852092,0.039498185684382014,3571.808448490235,3111.21990909337,22.527303312614865,3133.747212405985,14.83533483809984,3148.5825472440847,0.9097134237115116,0.9169525225739376,3152.5825472440847,3164.858508152989,True,L-BFGS-B,"27 Gaussian calibration offsets; dataset sigma=0.02 mag, survey sigma=0.01 mag"
joint_des_pantheon_union31_HD_dataset+survey_budget_016mmag_ds032_FR_BETA05_H0fixed675,HD,"{""DES_Dovekie_raw"": ""zHD"", ""PantheonPlusSH0ES"": ""zHD"", ""Union3p1_UNITY1p8"": ""z""}",PantheonPlusSH0ES+DES_Dovekie_raw+Union3p1_UNITY1p8,dataset+survey,budget_016mmag_ds032,0.032,0.016,FR_BETA05_H0fixed675,3422,0,27,3422,3395,67.5,0.5,0.0,0.0,4227.901691317376,3104.3256236561056,28.638377264561548,3132.9640009206673,23.012037184152888,3155.9760381048204,0.9071670437335201,0.9143816269973801,3155.9760381048204,3155.9760381048204,True,fixed,"27 Gaussian calibration offsets; dataset sigma=0.032 mag, survey sigma=0.016 mag"
joint_des_pantheon_union31_HD_dataset+survey_budget_016mmag_ds032_FR_BETAfree_H0fixed675,HD,"{""DES_Dovekie_raw"": ""zHD"", ""PantheonPlusSH0ES"": ""zHD"", ""Union3p1_UNITY1p8"": ""z""}",PantheonPlusSH0ES+DES_Dovekie_raw+Union3p1_UNITY1p8,dataset+survey,budget_016mmag_ds032,0.032,0.016,FR_BETAfree_H0fixed675,3422,1,27,3421,3394,67.5,0.5192641424162499,0.0,0.019264142416249852,4399.9611172442,3100.9248789662834,28.200363526145992,3129.125242492429,23.012037184152888,3152.1372796765822,0.9064381405923073,0.9136490509623699,3154.1372796765822,3160.2752601310344,True,minimize_beta,"27 Gaussian calibration offsets; dataset sigma=0.032 mag, survey sigma=0.016 mag"
joint_des_pantheon_union31_HD_dataset+survey_budget_016mmag_ds032_FR_BETA05_H0free,HD,"{""DES_Dovekie_raw"": ""zHD"", ""PantheonPlusSH0ES"": ""zHD"", ""Union3p1_UNITY1p8"": ""z""}",PantheonPlusSH0ES+DES_Dovekie_raw+Union3p1_UNITY1p8,dataset+survey,budget_016mmag_ds032,0.032,0.016,FR_BETA05_H0free,3422,1,27,3421,3394,69.18254634134625,0.5,1.682546341346253,0.0,3747.1276410875853,3103.1094717219485,21.917502706157258,3125.026974428106,23.012037184152888,3148.039011612259,0.9070767236837032,0.9142927141196077,3150.039011612259,3156.176992066711,True,minimize_H0,"27 Gaussian calibration offsets; dataset sigma=0.032 mag, survey sigma=0.016 mag"
joint_des_pantheon_union31_HD_dataset+survey_budget_016mmag_ds032_FR_BETAfree_H0free,HD,"{""DES_Dovekie_raw"": ""zHD"", ""PantheonPlusSH0ES"": ""zHD"", ""Union3p1_UNITY1p8"": ""z""}",PantheonPlusSH0ES+DES_Dovekie_raw+Union3p1_UNITY1p8,dataset+survey,budget_016mmag_ds032,0.032,0.016,FR_BETAfree_H0free,3422,2,27,3420,3393,69.76692767481103,0.5308446693201175,2.266927674811029,0.030844669320117535,3602.515240662032,3100.4422472622036,15.756617342770593,3116.198864604974,23.012037184152888,3139.210901789127,0.9065620606029835,0.9137760823053945,3143.210901789127,3155.4868626980315,True,L-BFGS-B,"27 Gaussian calibration offsets; dataset sigma=0.032 mag, survey sigma=0.016 mag"
joint_des_pantheon_union31_HD_dataset+survey_budget_025mmag_ds050_FR_BETA05_H0fixed675,HD,"{""DES_Dovekie_raw"": ""zHD"", ""PantheonPlusSH0ES"": ""zHD"", ""Union3p1_UNITY1p8"": ""z""}",PantheonPlusSH0ES+DES_Dovekie_raw+Union3p1_UNITY1p8,dataset+survey,budget_025mmag_ds050,0.05,0.025,FR_BETA05_H0fixed675,3422,0,27,3422,3395,67.5,0.5,0.0,0.0,4227.901691317376,3092.81875236638,19.15355487796068,3111.9723072443408,34.05926787691635,3146.031575121257,0.9038044279270544,0.9109922687382562,3146.031575121257,3146.031575121257,True,fixed,"27 Gaussian calibration offsets; dataset sigma=0.05 mag, survey sigma=0.025 mag"
joint_des_pantheon_union31_HD_dataset+survey_budget_025mmag_ds050_FR_BETAfree_H0fixed675,HD,"{""DES_Dovekie_raw"": ""zHD"", ""PantheonPlusSH0ES"": ""zHD"", ""Union3p1_UNITY1p8"": ""z""}",PantheonPlusSH0ES+DES_Dovekie_raw+Union3p1_UNITY1p8,dataset+survey,budget_025mmag_ds050,0.05,0.025,FR_BETAfree_H0fixed675,3422,1,27,3421,3394,67.5,0.5182626052633289,0.0,0.0182626052633289,4389.191587860532,3091.208085376269,17.85513146805259,3109.0632168443217,34.05926787691635,3143.122484721238,0.9035978033838845,0.9107861182605389,3145.122484721238,3151.26046517569,True,minimize_beta,"27 Gaussian calibration offsets; dataset sigma=0.05 mag, survey sigma=0.025 mag"
joint_des_pantheon_union31_HD_dataset+survey_budget_025mmag_ds050_FR_BETA05_H0free,HD,"{""DES_Dovekie_raw"": ""zHD"", ""PantheonPlusSH0ES"": ""zHD"", ""Union3p1_UNITY1p8"": ""z""}",PantheonPlusSH0ES+DES_Dovekie_raw+Union3p1_UNITY1p8,dataset+survey,budget_025mmag_ds050,0.05,0.025,FR_BETA05_H0free,3422,1,27,3421,3394,69.27771196879071,0.5,1.7777119687907117,0.0,3750.003403108597,3092.3562405946695,15.929003562619535,3108.285244157289,34.05926787691635,3142.3445120342053,0.9039334231495673,0.9111244079536446,3144.3445120342053,3150.4824924886575,True,minimize_H0,"27 Gaussian calibration offsets; dataset sigma=0.05 mag, survey sigma=0.025 mag"
joint_des_pantheon_union31_HD_dataset+survey_budget_025mmag_ds050_FR_BETAfree_H0free,HD,"{""DES_Dovekie_raw"": ""zHD"", ""PantheonPlusSH0ES"": ""zHD"", ""Union3p1_UNITY1p8"": ""z""}",PantheonPlusSH0ES+DES_Dovekie_raw+Union3p1_UNITY1p8,dataset+survey,budget_025mmag_ds050,0.05,0.025,FR_BETAfree_H0free,3422,2,27,3420,3393,69.70202945480679,0.5235316061688828,2.202029454806791,0.023531606168882835,3633.001140912624,3091.1725154895958,12.507057328117194,3103.679572817713,34.05926787691635,3137.7388406946293,0.903851612716256,0.9110440658678444,3141.7388406946293,3154.0148016035337,True,L-BFGS-B,"27 Gaussian calibration offsets; dataset sigma=0.05 mag, survey sigma=0.025 mag"
joint_des_pantheon_union31_HD_dataset+survey_budget_050mmag_ds100_stress_FR_BETA05_H0fixed675,HD,"{""DES_Dovekie_raw"": ""zHD"", ""PantheonPlusSH0ES"": ""zHD"", ""Union3p1_UNITY1p8"": ""z""}",PantheonPlusSH0ES+DES_Dovekie_raw+Union3p1_UNITY1p8,dataset+survey,budget_050mmag_ds100_stress,0.1,0.05,FR_BETA05_H0fixed675,3422,0,27,3422,3395,67.5,0.5,0.0,0.0,4227.901691317376,3082.8781757098977,9.593936255875294,3092.472111965773,58.01561577320837,3150.4877277389814,0.9008995253389531,0.908064263832076,3150.4877277389814,3150.4877277389814,True,fixed,"27 Gaussian calibration offsets; dataset sigma=0.1 mag, survey sigma=0.05 mag"
joint_des_pantheon_union31_HD_dataset+survey_budget_050mmag_ds100_stress_FR_BETAfree_H0fixed675,HD,"{""DES_Dovekie_raw"": ""zHD"", ""PantheonPlusSH0ES"": ""zHD"", ""Union3p1_UNITY1p8"": ""z""}",PantheonPlusSH0ES+DES_Dovekie_raw+Union3p1_UNITY1p8,dataset+survey,budget_050mmag_ds100_stress,0.1,0.05,FR_BETAfree_H0fixed675,3422,1,27,3421,3394,67.5,0.5143565533341018,0.0,0.014356553334101796,4349.0873456041745,3081.955544211559,8.98426784784591,3090.9398120594046,58.01561577320837,3148.955427832613,0.9008931728183451,0.9080599717771239,3150.955427832613,3157.0934082870654,True,minimize_beta,"27 Gaussian calibration offsets; dataset sigma=0.1 mag, survey sigma=0.05 mag"
joint_des_pantheon_union31_HD_dataset+survey_budget_050mmag_ds100_stress_FR_BETA05_H0free,HD,"{""DES_Dovekie_raw"": ""zHD"", ""PantheonPlusSH0ES"": ""zHD"", ""Union3p1_UNITY1p8"": ""z""}",PantheonPlusSH0ES+DES_Dovekie_raw+Union3p1_UNITY1p8,dataset+survey,budget_050mmag_ds100_stress,0.1,0.05,FR_BETA05_H0free,3422,1,27,3421,3394,69.3858715572101,0.5,1.8858715572100948,0.0,3757.0744025330505,3082.8150223688262,8.608363831347887,3091.4233862001743,58.01561577320837,3149.439001973383,0.9011444087602533,0.9083132063549871,3151.439001973383,3157.576982427835,True,minimize_H0,"27 Gaussian calibration offsets; dataset sigma=0.1 mag, survey sigma=0.05 mag"
joint_des_pantheon_union31_HD_dataset+survey_budget_050mmag_ds100_stress_FR_BETAfree_H0free,HD,"{""DES_Dovekie_raw"": ""zHD"", ""PantheonPlusSH0ES"": ""zHD"", ""Union3p1_UNITY1p8"": ""z""}",PantheonPlusSH0ES+DES_Dovekie_raw+Union3p1_UNITY1p8,dataset+survey,budget_050mmag_ds100_stress,0.1,0.05,FR_BETAfree_H0free,3422,2,27,3420,3393,69.65703077628432,0.5158087707895532,2.1570307762843157,0.015808770789553228,3672.365512959804,3081.953608883559,7.635137101627187,3089.588745985186,58.01561577320837,3147.6043617583946,0.9011560259893447,0.9083270288486763,3151.6043617583946,3163.880322667299,True,L-BFGS-B,"27 Gaussian calibration offsets; dataset sigma=0.1 mag, survey sigma=0.05 mag"
joint_des_pantheon_union31_HEL_none_none_FR_BETA05_H0fixed675,HEL,"{""DES_Dovekie_raw"": ""zHEL"", ""PantheonPlusSH0ES"": ""zHEL"", ""Union3p1_UNITY1p8"": ""z""}",PantheonPlusSH0ES+DES_Dovekie_raw+Union3p1_UNITY1p8,none,none,0.0,0.0,FR_BETA05_H0fixed675,3418,0,0,3418,3418,67.5,0.5,0.0,0.0,4173.705514868556,4173.705514868556,0.0,4173.705514868556,0.0,4173.705514868556,1.2210958206168976,1.2210958206168976,4173.705514868556,4173.705514868556,True,fixed,no calibration offsets
joint_des_pantheon_union31_HEL_none_none_FR_BETAfree_H0fixed675,HEL,"{""DES_Dovekie_raw"": ""zHEL"", ""PantheonPlusSH0ES"": ""zHEL"", ""Union3p1_UNITY1p8"": ""z""}",PantheonPlusSH0ES+DES_Dovekie_raw+Union3p1_UNITY1p8,none,none,0.0,0.0,FR_BETAfree_H0fixed675,3418,1,0,3417,3417,67.5,0.465369024528559,0.0,-0.034630975471441006,4047.158713745572,4047.158713745572,0.0,4047.158713745572,0.0,4047.158713745572,1.184418704637276,1.184418704637276,4049.158713745572,4055.295524609248,True,minimize_beta,no calibration offsets
joint_des_pantheon_union31_HEL_none_none_FR_BETA05_H0free,HEL,"{""DES_Dovekie_raw"": ""zHEL"", ""PantheonPlusSH0ES"": ""zHEL"", ""Union3p1_UNITY1p8"": ""z""}",PantheonPlusSH0ES+DES_Dovekie_raw+Union3p1_UNITY1p8,none,none,0.0,0.0,FR_BETA05_H0free,3418,1,0,3417,3417,69.10617550675089,0.5,1.606175506750887,0.0,3714.740808639084,3714.740808639084,0.0,3714.740808639084,0.0,3714.740808639084,1.0871351503187252,1.0871351503187252,3716.740808639084,3722.87761950276,True,minimize_H0,no calibration offsets
joint_des_pantheon_union31_HEL_none_none_FR_BETAfree_H0free,HEL,"{""DES_Dovekie_raw"": ""zHEL"", ""PantheonPlusSH0ES"": ""zHEL"", ""Union3p1_UNITY1p8"": ""z""}",PantheonPlusSH0ES+DES_Dovekie_raw+Union3p1_UNITY1p8,none,none,0.0,0.0,FR_BETAfree_H0free,3418,2,0,3416,3416,71.4781124119733,0.6114046051350925,3.9781124119732993,0.11140460513509254,3451.7237603203707,3451.7237603203707,0.0,3451.7237603203707,0.0,3451.7237603203707,1.0104577752694295,1.0104577752694295,3455.7237603203707,3467.9973820477217,True,L-BFGS-B,no calibration offsets
joint_des_pantheon_union31_HEL_dataset_budget_010mmag_ds020_FR_BETA05_H0fixed675,HEL,"{""DES_Dovekie_raw"": ""zHEL"", ""PantheonPlusSH0ES"": ""zHEL"", ""Union3p1_UNITY1p8"": ""z""}",PantheonPlusSH0ES+DES_Dovekie_raw+Union3p1_UNITY1p8,dataset,budget_010mmag_ds020,0.02,0.0,FR_BETA05_H0fixed675,3418,0,3,3418,3415,67.5,0.5,0.0,0.0,4173.705514868556,3165.355178926245,33.73771202361489,3199.09289094986,9.540705680441587,3208.6335966303013,0.9260840195805281,0.9268975633751816,3208.6335966303013,3208.6335966303013,True,fixed,"3 Gaussian calibration offsets; dataset sigma=0.02 mag, survey sigma=0.01 mag"
joint_des_pantheon_union31_HEL_dataset_budget_010mmag_ds020_FR_BETAfree_H0fixed675,HEL,"{""DES_Dovekie_raw"": ""zHEL"", ""PantheonPlusSH0ES"": ""zHEL"", ""Union3p1_UNITY1p8"": ""z""}",PantheonPlusSH0ES+DES_Dovekie_raw+Union3p1_UNITY1p8,dataset,budget_010mmag_ds020,0.02,0.0,FR_BETAfree_H0fixed675,3418,1,3,3417,3414,67.5,0.5117788313733651,0.0,0.011778831373365106,4273.032378413789,3159.537654811593,37.33151101452799,3196.869165826121,9.540705680441587,3206.4098715065625,0.9246525182357602,0.9254650424169868,3208.4098715065625,3214.546682370238,True,minimize_beta,"3 Gaussian calibration offsets; dataset sigma=0.02 mag, survey sigma=0.01 mag"
joint_des_pantheon_union31_HEL_dataset_budget_010mmag_ds020_FR_BETA05_H0free,HEL,"{""DES_Dovekie_raw"": ""zHEL"", ""PantheonPlusSH0ES"": ""zHEL"", ""Union3p1_UNITY1p8"": ""z""}",PantheonPlusSH0ES+DES_Dovekie_raw+Union3p1_UNITY1p8,dataset,budget_010mmag_ds020,0.02,0.0,FR_BETA05_H0free,3418,1,3,3417,3414,68.85042818044577,0.5,1.3504281804457747,0.0,3726.149408291453,3165.0106052032584,20.79308412759919,3185.8036893308577,9.540705680441587,3195.344395011299,0.9262542011130402,0.9270681327484647,3197.344395011299,3203.481205874975,True,minimize_H0,"3 Gaussian calibration offsets; dataset sigma=0.02 mag, survey sigma=0.01 mag"
joint_des_pantheon_union31_HEL_dataset_budget_010mmag_ds020_FR_BETAfree_H0free,HEL,"{""DES_Dovekie_raw"": ""zHEL"", ""PantheonPlusSH0ES"": ""zHEL"", ""Union3p1_UNITY1p8"": ""z""}",PantheonPlusSH0ES+DES_Dovekie_raw+Union3p1_UNITY1p8,dataset,budget_010mmag_ds020,0.02,0.0,FR_BETAfree_H0free,3418,2,3,3416,3413,69.55410039874711,0.5321486760814038,2.05410039874711,0.032148676081403815,3592.010780722257,3156.5644788398045,16.399433651842674,3172.963912491647,9.540705680441587,3182.5046181720886,0.9240528333840177,0.924865068514446,3186.5046181720886,3198.7782398994395,True,L-BFGS-B,"3 Gaussian calibration offsets; dataset sigma=0.02 mag, survey sigma=0.01 mag"
joint_des_pantheon_union31_HEL_dataset_budget_016mmag_ds032_FR_BETA05_H0fixed675,HEL,"{""DES_Dovekie_raw"": ""zHEL"", ""PantheonPlusSH0ES"": ""zHEL"", ""Union3p1_UNITY1p8"": ""z""}",PantheonPlusSH0ES+DES_Dovekie_raw+Union3p1_UNITY1p8,dataset,budget_016mmag_ds032,0.032,0.0,FR_BETA05_H0fixed675,3418,0,3,3418,3415,67.5,0.5,0.0,0.0,4173.705514868556,3164.337310876384,13.753318074563484,3178.0906289509476,12.282264930516263,3190.372893881464,0.9257862231937929,0.9265995053810787,3190.372893881464,3190.372893881464,True,fixed,"3 Gaussian calibration offsets; dataset sigma=0.032 mag, survey sigma=0.016 mag"
joint_des_pantheon_union31_HEL_dataset_budget_016mmag_ds032_FR_BETAfree_H0fixed675,HEL,"{""DES_Dovekie_raw"": ""zHEL"", ""PantheonPlusSH0ES"": ""zHEL"", ""Union3p1_UNITY1p8"": ""z""}",PantheonPlusSH0ES+DES_Dovekie_raw+Union3p1_UNITY1p8,dataset,budget_016mmag_ds032,0.032,0.0,FR_BETAfree_H0fixed675,3418,1,3,3417,3414,67.5,0.5197275958525659,0.0,0.019727595852565893,4355.750367984987,3156.3323274636177,16.43864647162148,3172.770973935239,12.282264930516263,3185.0532388657552,0.9237144651634819,0.9245261650449964,3187.0532388657552,3193.190049729431,True,minimize_beta,"3 Gaussian calibration offsets; dataset sigma=0.032 mag, survey sigma=0.016 mag"
joint_des_pantheon_union31_HEL_dataset_budget_016mmag_ds032_FR_BETA05_H0free,HEL,"{""DES_Dovekie_raw"": ""zHEL"", ""PantheonPlusSH0ES"": ""zHEL"", ""Union3p1_UNITY1p8"": ""z""}",PantheonPlusSH0ES+DES_Dovekie_raw+Union3p1_UNITY1p8,dataset,budget_016mmag_ds032,0.032,0.0,FR_BETA05_H0free,3418,1,3,3417,3414,68.8434491500145,0.5,1.343449150014493,0.0,3726.7817769543553,3164.2834862560667,8.533053548256326,3172.816539804323,12.282264930516263,3185.098804734839,0.9260414065718662,0.9268551512173598,3187.098804734839,3193.235615598515,True,minimize_H0,"3 Gaussian calibration offsets; dataset sigma=0.032 mag, survey sigma=0.016 mag"
joint_des_pantheon_union31_HEL_dataset_budget_016mmag_ds032_FR_BETAfree_H0free,HEL,"{""DES_Dovekie_raw"": ""zHEL"", ""PantheonPlusSH0ES"": ""zHEL"", ""Union3p1_UNITY1p8"": ""z""}",PantheonPlusSH0ES+DES_Dovekie_raw+Union3p1_UNITY1p8,dataset,budget_016mmag_ds032,0.032,0.0,FR_BETAfree_H0free,3418,2,3,3416,3413,69.47705312464629,0.5289267795280835,1.9770531246462895,0.028926779528083535,3603.826319825307,3155.688949241388,6.90202166790454,3162.5909709092925,12.282264930516263,3174.873235839809,0.9237965308083689,0.9246085406508608,3178.873235839809,3191.1468575671597,True,L-BFGS-B,"3 Gaussian calibration offsets; dataset sigma=0.032 mag, survey sigma=0.016 mag"
joint_des_pantheon_union31_HEL_dataset_budget_025mmag_ds050_FR_BETA05_H0fixed675,HEL,"{""DES_Dovekie_raw"": ""zHEL"", ""PantheonPlusSH0ES"": ""zHEL"", ""Union3p1_UNITY1p8"": ""z""}",PantheonPlusSH0ES+DES_Dovekie_raw+Union3p1_UNITY1p8,dataset,budget_025mmag_ds050,0.05,0.0,FR_BETA05_H0fixed675,3418,0,3,3418,3415,67.5,0.5,0.0,0.0,4173.705514868556,3164.1773970694885,5.726454183573991,3169.9038512530624,14.929726680709418,3184.8335779337717,0.9257394374106169,0.926552678497654,3184.8335779337717,3184.8335779337717,True,fixed,"3 Gaussian calibration offsets; dataset sigma=0.05 mag, survey sigma=0.025 mag"
joint_des_pantheon_union31_HEL_dataset_budget_025mmag_ds050_FR_BETAfree_H0fixed675,HEL,"{""DES_Dovekie_raw"": ""zHEL"", ""PantheonPlusSH0ES"": ""zHEL"", ""Union3p1_UNITY1p8"": ""z""}",PantheonPlusSH0ES+DES_Dovekie_raw+Union3p1_UNITY1p8,dataset,budget_025mmag_ds050,0.05,0.0,FR_BETAfree_H0fixed675,3418,1,3,3417,3414,67.5,0.5236222012841623,0.0,0.02362220128416226,4400.837420290862,3155.6720011520465,7.122155113186868,3162.7941562652336,14.929726680709418,3177.723882945943,0.9235212177793523,0.9243327478476996,3179.723882945943,3185.8606938096186,True,minimize_beta,"3 Gaussian calibration offsets; dataset sigma=0.05 mag, survey sigma=0.025 mag"
joint_des_pantheon_union31_HEL_dataset_budget_025mmag_ds050_FR_BETA05_H0free,HEL,"{""DES_Dovekie_raw"": ""zHEL"", ""PantheonPlusSH0ES"": ""zHEL"", ""Union3p1_UNITY1p8"": ""z""}",PantheonPlusSH0ES+DES_Dovekie_raw+Union3p1_UNITY1p8,dataset,budget_025mmag_ds050,0.05,0.0,FR_BETA05_H0free,3418,1,3,3417,3414,68.84070558656747,0.5,1.3407055865674664,0.0,3727.035059193454,3164.1682880713042,3.5622231960070643,3167.730511267311,14.929726680709418,3182.6602379480205,0.9260076933190823,0.9268214083395736,3184.6602379480205,3190.797048811696,True,minimize_H0,"3 Gaussian calibration offsets; dataset sigma=0.05 mag, survey sigma=0.025 mag"
joint_des_pantheon_union31_HEL_dataset_budget_025mmag_ds050_FR_BETAfree_H0free,HEL,"{""DES_Dovekie_raw"": ""zHEL"", ""PantheonPlusSH0ES"": ""zHEL"", ""Union3p1_UNITY1p8"": ""z""}",PantheonPlusSH0ES+DES_Dovekie_raw+Union3p1_UNITY1p8,dataset,budget_025mmag_ds050,0.05,0.0,FR_BETAfree_H0free,3418,2,3,3416,3413,69.44620423369669,0.5276374799444248,1.9462042336966903,0.02763747994442478,3608.6963693535317,3155.5461987155,2.9102863203611076,3158.456485035861,14.929726680709418,3173.3862117165704,0.9237547420127342,0.9245667151232053,3177.3862117165704,3189.6598334439213,True,L-BFGS-B,"3 Gaussian calibration offsets; dataset sigma=0.05 mag, survey sigma=0.025 mag"
joint_des_pantheon_union31_HEL_dataset_budget_050mmag_ds100_stress_FR_BETA05_H0fixed675,HEL,"{""DES_Dovekie_raw"": ""zHEL"", ""PantheonPlusSH0ES"": ""zHEL"", ""Union3p1_UNITY1p8"": ""z""}",PantheonPlusSH0ES+DES_Dovekie_raw+Union3p1_UNITY1p8,dataset,budget_050mmag_ds100_stress,0.1,0.0,FR_BETA05_H0fixed675,3418,0,3,3418,3415,67.5,0.5,0.0,0.0,4173.705514868556,3164.1465891754187,1.4439526052432259,3165.590541780662,19.072737637591842,3184.6632794182538,0.9257304239834461,0.9265436571523921,3184.6632794182538,3184.6632794182538,True,fixed,"3 Gaussian calibration offsets; dataset sigma=0.1 mag, survey sigma=0.05 mag"
joint_des_pantheon_union31_HEL_dataset_budget_050mmag_ds100_stress_FR_BETAfree_H0fixed675,HEL,"{""DES_Dovekie_raw"": ""zHEL"", ""PantheonPlusSH0ES"": ""zHEL"", ""Union3p1_UNITY1p8"": ""z""}",PantheonPlusSH0ES+DES_Dovekie_raw+Union3p1_UNITY1p8,dataset,budget_050mmag_ds100_stress,0.1,0.0,FR_BETAfree_H0fixed675,3418,1,3,3417,3414,67.5,0.5259106400095934,0.0,0.025910640009593422,4428.718273593481,3155.5268359066545,1.8392368514521742,3157.366072758107,19.072737637591842,3176.4388103956985,0.9234787345351637,0.9242902272720136,3178.4388103956985,3184.575621259374,True,minimize_beta,"3 Gaussian calibration offsets; dataset sigma=0.1 mag, survey sigma=0.05 mag"
joint_des_pantheon_union31_HEL_dataset_budget_050mmag_ds100_stress_FR_BETA05_H0free,HEL,"{""DES_Dovekie_raw"": ""zHEL"", ""PantheonPlusSH0ES"": ""zHEL"", ""Union3p1_UNITY1p8"": ""z""}",PantheonPlusSH0ES+DES_Dovekie_raw+Union3p1_UNITY1p8,dataset,budget_050mmag_ds100_stress,0.1,0.0,FR_BETA05_H0free,3418,1,3,3417,3414,68.83925482046135,0.5,1.339254820461349,0.0,3727.1700617528313,3164.146017312552,0.8994777069909271,3165.045495019543,19.072737637591842,3184.1182326571347,0.9260011756840948,0.9268148849773146,3186.1182326571347,3192.2550435208104,True,minimize_H0,"3 Gaussian calibration offsets; dataset sigma=0.1 mag, survey sigma=0.05 mag"
joint_des_pantheon_union31_HEL_dataset_budget_050mmag_ds100_stress_FR_BETAfree_H0free,HEL,"{""DES_Dovekie_raw"": ""zHEL"", ""PantheonPlusSH0ES"": ""zHEL"", ""Union3p1_UNITY1p8"": ""z""}",PantheonPlusSH0ES+DES_Dovekie_raw+Union3p1_UNITY1p8,dataset,budget_050mmag_ds100_stress,0.1,0.0,FR_BETAfree_H0free,3418,2,3,3416,3413,69.42988060260917,0.5269518970453382,1.929880602609174,0.02695189704533818,3611.311794578796,3155.518280433359,0.7387617182883242,3156.2570421516475,19.072737637591842,3175.329779789239,0.9237465692135126,0.924558535140158,3179.329779789239,3191.60340151659,True,L-BFGS-B,"3 Gaussian calibration offsets; dataset sigma=0.1 mag, survey sigma=0.05 mag"
joint_des_pantheon_union31_HEL_dataset+survey_budget_010mmag_ds020_FR_BETA05_H0fixed675,HEL,"{""DES_Dovekie_raw"": ""zHEL"", ""PantheonPlusSH0ES"": ""zHEL"", ""Union3p1_UNITY1p8"": ""z""}",PantheonPlusSH0ES+DES_Dovekie_raw+Union3p1_UNITY1p8,dataset+survey,budget_010mmag_ds020,0.02,0.01,FR_BETA05_H0fixed675,3418,0,27,3418,3391,67.5,0.5,0.0,0.0,4173.705514868556,3145.9457026626333,40.32714049540136,3186.2728431580344,14.824617664895158,3201.0974608229294,0.9204054133009459,0.9277339140851174,3201.0974608229294,3201.0974608229294,True,fixed,"27 Gaussian calibration offsets; dataset sigma=0.02 mag, survey sigma=0.01 mag"
joint_des_pantheon_union31_HEL_dataset+survey_budget_010mmag_ds020_FR_BETAfree_H0fixed675,HEL,"{""DES_Dovekie_raw"": ""zHEL"", ""PantheonPlusSH0ES"": ""zHEL"", ""Union3p1_UNITY1p8"": ""z""}",PantheonPlusSH0ES+DES_Dovekie_raw+Union3p1_UNITY1p8,dataset+survey,budget_010mmag_ds020,0.02,0.01,FR_BETAfree_H0fixed675,3418,1,27,3417,3390,67.5,0.506923520421141,0.0,0.006923520421140972,4228.70340043284,3143.9497642841143,41.675045146332266,3185.6248094304465,14.824617664895158,3200.4494270953414,0.9200906538730215,0.9274188095233376,3202.4494270953414,3208.586237959017,True,minimize_beta,"27 Gaussian calibration offsets; dataset sigma=0.02 mag, survey sigma=0.01 mag"
joint_des_pantheon_union31_HEL_dataset+survey_budget_010mmag_ds020_FR_BETA05_H0free,HEL,"{""DES_Dovekie_raw"": ""zHEL"", ""PantheonPlusSH0ES"": ""zHEL"", ""Union3p1_UNITY1p8"": ""z""}",PantheonPlusSH0ES+DES_Dovekie_raw+Union3p1_UNITY1p8,dataset+survey,budget_010mmag_ds020,0.02,0.01,FR_BETA05_H0free,3418,1,27,3417,3390,68.97188576631063,0.5,1.4718857663106348,0.0,3717.8808178713707,3144.520071766525,26.672182579572457,3171.1922543460973,14.824617664895158,3186.0168720109923,0.9202575568529484,0.9275870418190338,3188.0168720109923,3194.153682874668,True,minimize_H0,"27 Gaussian calibration offsets; dataset sigma=0.02 mag, survey sigma=0.01 mag"
joint_des_pantheon_union31_HEL_dataset+survey_budget_010mmag_ds020_FR_BETAfree_H0free,HEL,"{""DES_Dovekie_raw"": ""zHEL"", ""PantheonPlusSH0ES"": ""zHEL"", ""Union3p1_UNITY1p8"": ""z""}",PantheonPlusSH0ES+DES_Dovekie_raw+Union3p1_UNITY1p8,dataset+survey,budget_010mmag_ds020,0.02,0.01,FR_BETAfree_H0free,3418,2,27,3416,3389,69.52736768722178,0.5277575639884484,2.0273676872217834,0.02775756398844842,3602.515855394298,3141.7344339871283,21.279812815044004,3163.0142468021722,14.824617664895158,3177.838864467067,0.9197114853592296,0.9270387825279222,3181.838864467067,3194.112486194418,True,L-BFGS-B,"27 Gaussian calibration offsets; dataset sigma=0.02 mag, survey sigma=0.01 mag"
joint_des_pantheon_union31_HEL_dataset+survey_budget_016mmag_ds032_FR_BETA05_H0fixed675,HEL,"{""DES_Dovekie_raw"": ""zHEL"", ""PantheonPlusSH0ES"": ""zHEL"", ""Union3p1_UNITY1p8"": ""z""}",PantheonPlusSH0ES+DES_Dovekie_raw+Union3p1_UNITY1p8,dataset+survey,budget_016mmag_ds032,0.032,0.016,FR_BETA05_H0fixed675,3418,0,27,3418,3391,67.5,0.5,0.0,0.0,4173.705514868556,3136.213589865718,21.961431074562373,3158.1750209402803,22.99538121764695,3181.170402157927,0.917558101189502,0.9248639309542076,3181.170402157927,3181.170402157927,True,fixed,"27 Gaussian calibration offsets; dataset sigma=0.032 mag, survey sigma=0.016 mag"
joint_des_pantheon_union31_HEL_dataset+survey_budget_016mmag_ds032_FR_BETAfree_H0fixed675,HEL,"{""DES_Dovekie_raw"": ""zHEL"", ""PantheonPlusSH0ES"": ""zHEL"", ""Union3p1_UNITY1p8"": ""z""}",PantheonPlusSH0ES+DES_Dovekie_raw+Union3p1_UNITY1p8,dataset+survey,budget_016mmag_ds032,0.032,0.016,FR_BETAfree_H0fixed675,3418,1,27,3417,3390,67.5,0.5121205799967673,0.0,0.0121205799967673,4276.330298319461,3134.2965933048936,22.346389455342294,3156.642982760236,22.99538121764695,3179.638363977883,0.9172656111515638,0.9245712664616206,3181.638363977883,3187.7751748415585,True,minimize_beta,"27 Gaussian calibration offsets; dataset sigma=0.032 mag, survey sigma=0.016 mag"
joint_des_pantheon_union31_HEL_dataset+survey_budget_016mmag_ds032_FR_BETA05_H0free,HEL,"{""DES_Dovekie_raw"": ""zHEL"", ""PantheonPlusSH0ES"": ""zHEL"", ""Union3p1_UNITY1p8"": ""z""}",PantheonPlusSH0ES+DES_Dovekie_raw+Union3p1_UNITY1p8,dataset+survey,budget_016mmag_ds032,0.032,0.016,FR_BETA05_H0free,3418,1,27,3417,3390,69.01217788492146,0.5,1.5121778849214564,0.0,3716.2783457909727,3135.6292902324167,16.118969217986766,3151.7482594504036,22.99538121764695,3174.7436406680504,0.9176556307381962,0.924964392398943,3176.7436406680504,3182.880451531726,True,minimize_H0,"27 Gaussian calibration offsets; dataset sigma=0.032 mag, survey sigma=0.016 mag"
joint_des_pantheon_union31_HEL_dataset+survey_budget_016mmag_ds032_FR_BETAfree_H0free,HEL,"{""DES_Dovekie_raw"": ""zHEL"", ""PantheonPlusSH0ES"": ""zHEL"", ""Union3p1_UNITY1p8"": ""z""}",PantheonPlusSH0ES+DES_Dovekie_raw+Union3p1_UNITY1p8,dataset+survey,budget_016mmag_ds032,0.032,0.016,FR_BETAfree_H0free,3418,2,27,3416,3389,69.42636582397904,0.5218898198512849,1.9263658239790402,0.02188981985128491,3622.9517701674768,3133.9425346225094,13.314917219503137,3147.2574518420124,22.99538121764695,3170.252833059659,0.9174304843742709,0.9247396089178251,3174.252833059659,3186.52645478701,True,L-BFGS-B,"27 Gaussian calibration offsets; dataset sigma=0.032 mag, survey sigma=0.016 mag"
joint_des_pantheon_union31_HEL_dataset+survey_budget_025mmag_ds050_FR_BETA05_H0fixed675,HEL,"{""DES_Dovekie_raw"": ""zHEL"", ""PantheonPlusSH0ES"": ""zHEL"", ""Union3p1_UNITY1p8"": ""z""}",PantheonPlusSH0ES+DES_Dovekie_raw+Union3p1_UNITY1p8,dataset+survey,budget_025mmag_ds050,0.05,0.025,FR_BETA05_H0fixed675,3418,0,27,3418,3391,67.5,0.5,0.0,0.0,4173.705514868556,3128.391792375815,14.110373170344493,3142.5021655461596,34.03463194976649,3176.5367974959263,0.9152696876465228,0.9225572964835785,3176.5367974959263,3176.5367974959263,True,fixed,"27 Gaussian calibration offsets; dataset sigma=0.05 mag, survey sigma=0.025 mag"
joint_des_pantheon_union31_HEL_dataset+survey_budget_025mmag_ds050_FR_BETAfree_H0fixed675,HEL,"{""DES_Dovekie_raw"": ""zHEL"", ""PantheonPlusSH0ES"": ""zHEL"", ""Union3p1_UNITY1p8"": ""z""}",PantheonPlusSH0ES+DES_Dovekie_raw+Union3p1_UNITY1p8,dataset+survey,budget_025mmag_ds050,0.05,0.025,FR_BETAfree_H0fixed675,3418,1,27,3417,3390,67.5,0.5132088176288725,0.0,0.013208817628872493,4286.987171390995,3127.10624360309,13.86438582541781,3140.970629428508,34.03463194976649,3175.0052613782746,0.9151613238522359,0.922450219351944,3177.0052613782746,3183.1420722419502,True,minimize_beta,"27 Gaussian calibration offsets; dataset sigma=0.05 mag, survey sigma=0.025 mag"
joint_des_pantheon_union31_HEL_dataset+survey_budget_025mmag_ds050_FR_BETA05_H0free,HEL,"{""DES_Dovekie_raw"": ""zHEL"", ""PantheonPlusSH0ES"": ""zHEL"", ""Union3p1_UNITY1p8"": ""z""}",PantheonPlusSH0ES+DES_Dovekie_raw+Union3p1_UNITY1p8,dataset+survey,budget_025mmag_ds050,0.05,0.025,FR_BETA05_H0free,3418,1,27,3417,3390,69.05930220805612,0.5,1.559302208056124,0.0,3715.1228823603947,3128.1590160244277,11.49744695343943,3139.6564629778672,34.03463194976649,3173.691094927634,0.9154694223074122,0.9227607716886217,3175.691094927634,3181.8279057913096,True,minimize_H0,"27 Gaussian calibration offsets; dataset sigma=0.05 mag, survey sigma=0.025 mag"
joint_des_pantheon_union31_HEL_dataset+survey_budget_025mmag_ds050_FR_BETAfree_H0free,HEL,"{""DES_Dovekie_raw"": ""zHEL"", ""PantheonPlusSH0ES"": ""zHEL"", ""Union3p1_UNITY1p8"": ""z""}",PantheonPlusSH0ES+DES_Dovekie_raw+Union3p1_UNITY1p8,dataset+survey,budget_025mmag_ds050,0.05,0.025,FR_BETAfree_H0free,3418,2,27,3416,3389,69.37715147067925,0.5176757654332226,1.8771514706792516,0.01767576543322258,3637.776062625724,3127.0344018092633,10.004182228320879,3137.0385840375843,34.03463194976649,3171.073215987351,0.9154081972509552,0.9227012103302635,3175.073215987351,3187.346837714702,True,L-BFGS-B,"27 Gaussian calibration offsets; dataset sigma=0.05 mag, survey sigma=0.025 mag"
joint_des_pantheon_union31_HEL_dataset+survey_budget_050mmag_ds100_stress_FR_BETA05_H0fixed675,HEL,"{""DES_Dovekie_raw"": ""zHEL"", ""PantheonPlusSH0ES"": ""zHEL"", ""Union3p1_UNITY1p8"": ""z""}",PantheonPlusSH0ES+DES_Dovekie_raw+Union3p1_UNITY1p8,dataset+survey,budget_050mmag_ds100_stress,0.1,0.05,FR_BETA05_H0fixed675,3418,0,27,3418,3391,67.5,0.5,0.0,0.0,4173.705514868556,3119.9228833589614,7.740360696884673,3127.663244055846,57.97815184583695,3185.641395901683,0.9127919494906265,0.920059829949561,3185.641395901683,3185.641395901683,True,fixed,"27 Gaussian calibration offsets; dataset sigma=0.1 mag, survey sigma=0.05 mag"
joint_des_pantheon_union31_HEL_dataset+survey_budget_050mmag_ds100_stress_FR_BETAfree_H0fixed675,HEL,"{""DES_Dovekie_raw"": ""zHEL"", ""PantheonPlusSH0ES"": ""zHEL"", ""Union3p1_UNITY1p8"": ""z""}",PantheonPlusSH0ES+DES_Dovekie_raw+Union3p1_UNITY1p8,dataset+survey,budget_050mmag_ds100_stress,0.1,0.05,FR_BETAfree_H0fixed675,3418,1,27,3417,3390,67.5,0.5125357642570887,0.0,0.012535764257088688,4280.368242458373,3118.940743253109,7.550443495684343,3126.491186748793,57.97815184583695,3184.4693385946302,0.9127716544492563,0.9200415171838079,3186.4693385946302,3192.606149458306,True,minimize_beta,"27 Gaussian calibration offsets; dataset sigma=0.1 mag, survey sigma=0.05 mag"
joint_des_pantheon_union31_HEL_dataset+survey_budget_050mmag_ds100_stress_FR_BETA05_H0free,HEL,"{""DES_Dovekie_raw"": ""zHEL"", ""PantheonPlusSH0ES"": ""zHEL"", ""Union3p1_UNITY1p8"": ""z""}",PantheonPlusSH0ES+DES_Dovekie_raw+Union3p1_UNITY1p8,dataset+survey,budget_050mmag_ds100_stress,0.1,0.05,FR_BETA05_H0free,3418,1,27,3417,3390,69.12182688714357,0.5,1.6218268871435697,0.0,3714.783368799255,3119.887693821155,6.9969619910085115,3126.8846558121636,57.97815184583695,3184.8628076580007,0.913048783676077,0.9203208536345591,3186.8628076580007,3192.9996185216764,True,minimize_H0,"27 Gaussian calibration offsets; dataset sigma=0.1 mag, survey sigma=0.05 mag"
joint_des_pantheon_union31_HEL_dataset+survey_budget_050mmag_ds100_stress_FR_BETAfree_H0free,HEL,"{""DES_Dovekie_raw"": ""zHEL"", ""PantheonPlusSH0ES"": ""zHEL"", ""Union3p1_UNITY1p8"": ""z""}",PantheonPlusSH0ES+DES_Dovekie_raw+Union3p1_UNITY1p8,dataset+survey,budget_050mmag_ds100_stress,0.1,0.05,FR_BETAfree_H0free,3418,2,27,3416,3389,69.35740552802426,0.5137853941163287,1.857405528024259,0.01378539411632873,3652.203208375179,3118.9257993651145,6.559246426650986,3125.4850457917655,57.97815184583695,3183.4631976376027,0.9130344845916611,0.9203085864163808,3187.4631976376027,3199.7368193649536,True,L-BFGS-B,"27 Gaussian calibration offsets; dataset sigma=0.1 mag, survey sigma=0.05 mag"
joint_des_pantheon_union31_CMB_PANTHEON_ONLY_none_none_FR_BETA05_H0fixed675,CMB_PANTHEON_ONLY,"{""DES_Dovekie_raw"": ""zHD"", ""PantheonPlusSH0ES"": ""zCMB"", ""Union3p1_UNITY1p8"": ""z""}",PantheonPlusSH0ES+DES_Dovekie_raw+Union3p1_UNITY1p8,none,none,0.0,0.0,FR_BETA05_H0fixed675,3420,0,0,3420,3420,67.5,0.5,0.0,0.0,4115.907365821276,4115.907365821276,0.0,4115.907365821276,0.0,4115.907365821276,1.2034816859126536,1.2034816859126536,4115.907365821276,4115.907365821276,True,fixed,no calibration offsets
joint_des_pantheon_union31_CMB_PANTHEON_ONLY_none_none_FR_BETAfree_H0fixed675,CMB_PANTHEON_ONLY,"{""DES_Dovekie_raw"": ""zHD"", ""PantheonPlusSH0ES"": ""zCMB"", ""Union3p1_UNITY1p8"": ""z""}",PantheonPlusSH0ES+DES_Dovekie_raw+Union3p1_UNITY1p8,none,none,0.0,0.0,FR_BETAfree_H0fixed675,3420,1,0,3419,3419,67.5,0.4681722533666144,0.0,-0.03182774663338561,4009.3349445945964,4009.3349445945964,0.0,4009.3349445945964,0.0,4009.3349445945964,1.1726630431689373,1.1726630431689373,4011.3349445945964,4017.472340424653,True,minimize_beta,no calibration offsets
joint_des_pantheon_union31_CMB_PANTHEON_ONLY_none_none_FR_BETA05_H0free,CMB_PANTHEON_ONLY,"{""DES_Dovekie_raw"": ""zHD"", ""PantheonPlusSH0ES"": ""zCMB"", ""Union3p1_UNITY1p8"": ""z""}",PantheonPlusSH0ES+DES_Dovekie_raw+Union3p1_UNITY1p8,none,none,0.0,0.0,FR_BETA05_H0free,3420,1,0,3419,3419,69.04131458612596,0.5,1.5413145861259636,0.0,3692.471323304373,3692.471323304373,0.0,3692.471323304373,0.0,3692.471323304373,1.0799857628851632,1.0799857628851632,3694.471323304373,3700.6087191344295,True,minimize_H0,no calibration offsets
joint_des_pantheon_union31_CMB_PANTHEON_ONLY_none_none_FR_BETAfree_H0free,CMB_PANTHEON_ONLY,"{""DES_Dovekie_raw"": ""zHD"", ""PantheonPlusSH0ES"": ""zCMB"", ""Union3p1_UNITY1p8"": ""z""}",PantheonPlusSH0ES+DES_Dovekie_raw+Union3p1_UNITY1p8,none,none,0.0,0.0,FR_BETAfree_H0free,3420,2,0,3418,3418,71.46788706063424,0.6142408767312587,3.96788706063424,0.11424087673125871,3416.7631302733635,3416.7631302733635,0.0,3416.7631302733635,0.0,3416.7631302733635,0.9996381305656418,0.9996381305656418,3420.7631302733635,3433.037921933477,True,L-BFGS-B,no calibration offsets
joint_des_pantheon_union31_CMB_PANTHEON_ONLY_dataset_budget_010mmag_ds020_FR_BETA05_H0fixed675,CMB_PANTHEON_ONLY,"{""DES_Dovekie_raw"": ""zHD"", ""PantheonPlusSH0ES"": ""zCMB"", ""Union3p1_UNITY1p8"": ""z""}",PantheonPlusSH0ES+DES_Dovekie_raw+Union3p1_UNITY1p8,dataset,budget_010mmag_ds020,0.02,0.0,FR_BETA05_H0fixed675,3420,0,3,3420,3417,67.5,0.5,0.0,0.0,4115.907365821276,3173.0323377394834,31.503876705673207,3204.5362144451565,9.542957637826124,3214.0791720829825,0.9277872332571588,0.9286017962363136,3214.0791720829825,3214.0791720829825,True,fixed,"3 Gaussian calibration offsets; dataset sigma=0.02 mag, survey sigma=0.01 mag"
joint_des_pantheon_union31_CMB_PANTHEON_ONLY_dataset_budget_010mmag_ds020_FR_BETAfree_H0fixed675,CMB_PANTHEON_ONLY,"{""DES_Dovekie_raw"": ""zHD"", ""PantheonPlusSH0ES"": ""zCMB"", ""Union3p1_UNITY1p8"": ""z""}",PantheonPlusSH0ES+DES_Dovekie_raw+Union3p1_UNITY1p8,dataset,budget_010mmag_ds020,0.02,0.0,FR_BETAfree_H0fixed675,3420,1,3,3419,3416,67.5,0.5205124184943661,0.0,0.020512418494366136,4294.475035716654,3159.7324060983156,38.116460219164786,3197.8488663174803,9.542957637826124,3207.3918239553063,0.9241685890898846,0.9249802125580548,3209.3918239553063,3215.529219785363,True,minimize_beta,"3 Gaussian calibration offsets; dataset sigma=0.02 mag, survey sigma=0.01 mag"
joint_des_pantheon_union31_CMB_PANTHEON_ONLY_dataset_budget_010mmag_ds020_FR_BETA05_H0free,CMB_PANTHEON_ONLY,"{""DES_Dovekie_raw"": ""zHD"", ""PantheonPlusSH0ES"": ""zCMB"", ""Union3p1_UNITY1p8"": ""z""}",PantheonPlusSH0ES+DES_Dovekie_raw+Union3p1_UNITY1p8,dataset,budget_010mmag_ds020,0.02,0.0,FR_BETA05_H0free,3420,1,3,3419,3416,68.78768440627113,0.5,1.2876844062711257,0.0,3703.7230285189266,3172.727192074594,19.71463834335739,3192.441830417951,9.542957637826124,3201.9847880557772,0.9279693454444556,0.9287843068134057,3203.9847880557772,3210.1221838858337,True,minimize_H0,"3 Gaussian calibration offsets; dataset sigma=0.02 mag, survey sigma=0.01 mag"
joint_des_pantheon_union31_CMB_PANTHEON_ONLY_dataset_budget_010mmag_ds020_FR_BETAfree_H0free,CMB_PANTHEON_ONLY,"{""DES_Dovekie_raw"": ""zHD"", ""PantheonPlusSH0ES"": ""zCMB"", ""Union3p1_UNITY1p8"": ""z""}",PantheonPlusSH0ES+DES_Dovekie_raw+Union3p1_UNITY1p8,dataset,budget_010mmag_ds020,0.02,0.0,FR_BETAfree_H0free,3420,2,3,3418,3415,69.71984464765721,0.5426989564076631,2.2198446476572116,0.04269895640766308,3531.233950906094,3155.734365945973,14.28966920296364,3170.0240351489365,9.542957637826124,3179.5669927867625,0.9232692703177218,0.9240803414190257,3183.5669927867625,3195.841784446876,True,L-BFGS-B,"3 Gaussian calibration offsets; dataset sigma=0.02 mag, survey sigma=0.01 mag"
joint_des_pantheon_union31_CMB_PANTHEON_ONLY_dataset_budget_016mmag_ds032_FR_BETA05_H0fixed675,CMB_PANTHEON_ONLY,"{""DES_Dovekie_raw"": ""zHD"", ""PantheonPlusSH0ES"": ""zCMB"", ""Union3p1_UNITY1p8"": ""z""}",PantheonPlusSH0ES+DES_Dovekie_raw+Union3p1_UNITY1p8,dataset,budget_016mmag_ds032,0.032,0.0,FR_BETA05_H0fixed675,3420,0,3,3420,3417,67.5,0.5,0.0,0.0,4115.907365821276,3172.082834776261,12.842137344421541,3184.9249721206825,12.284565235859802,3197.209537356542,0.9275096008117721,0.9283239200398773,3197.209537356542,3197.209537356542,True,fixed,"3 Gaussian calibration offsets; dataset sigma=0.032 mag, survey sigma=0.016 mag"
joint_des_pantheon_union31_CMB_PANTHEON_ONLY_dataset_budget_016mmag_ds032_FR_BETAfree_H0fixed675,CMB_PANTHEON_ONLY,"{""DES_Dovekie_raw"": ""zHD"", ""PantheonPlusSH0ES"": ""zCMB"", ""Union3p1_UNITY1p8"": ""z""}",PantheonPlusSH0ES+DES_Dovekie_raw+Union3p1_UNITY1p8,dataset,budget_016mmag_ds032,0.032,0.0,FR_BETAfree_H0fixed675,3420,1,3,3419,3416,67.5,0.5296887983946997,0.0,0.029688798394699734,4401.354542835559,3155.8478371091537,17.143916216669954,3172.9917533258235,12.284565235859802,3185.276318561683,0.923032417990393,0.9238430436502206,3187.276318561683,3193.4137143917396,True,minimize_beta,"3 Gaussian calibration offsets; dataset sigma=0.032 mag, survey sigma=0.016 mag"
joint_des_pantheon_union31_CMB_PANTHEON_ONLY_dataset_budget_016mmag_ds032_FR_BETA05_H0free,CMB_PANTHEON_ONLY,"{""DES_Dovekie_raw"": ""zHD"", ""PantheonPlusSH0ES"": ""zCMB"", ""Union3p1_UNITY1p8"": ""z""}",PantheonPlusSH0ES+DES_Dovekie_raw+Union3p1_UNITY1p8,dataset,budget_016mmag_ds032,0.032,0.0,FR_BETA05_H0free,3420,1,3,3419,3416,68.78075892659774,0.5,1.2807589265977413,0.0,3704.3470775270644,3172.035267960414,8.091912635487645,3180.1271805959013,12.284565235859802,3192.411745831761,0.9277669692776875,0.928581752915812,3194.411745831761,3200.5491416618174,True,minimize_H0,"3 Gaussian calibration offsets; dataset sigma=0.032 mag, survey sigma=0.016 mag"
joint_des_pantheon_union31_CMB_PANTHEON_ONLY_dataset_budget_016mmag_ds032_FR_BETAfree_H0free,CMB_PANTHEON_ONLY,"{""DES_Dovekie_raw"": ""zHD"", ""PantheonPlusSH0ES"": ""zCMB"", ""Union3p1_UNITY1p8"": ""z""}",PantheonPlusSH0ES+DES_Dovekie_raw+Union3p1_UNITY1p8,dataset,budget_016mmag_ds032,0.032,0.0,FR_BETAfree_H0free,3420,2,3,3418,3415,69.64979692708893,0.5397808659735646,2.1497969270889286,0.03978086597356456,3540.8612297317654,3154.982790167493,6.007638168791585,3160.990428336285,12.284565235859802,3173.2749935721445,0.923049382728933,0.9238602606639804,3177.2749935721445,3189.549785232258,True,L-BFGS-B,"3 Gaussian calibration offsets; dataset sigma=0.032 mag, survey sigma=0.016 mag"
joint_des_pantheon_union31_CMB_PANTHEON_ONLY_dataset_budget_025mmag_ds050_FR_BETA05_H0fixed675,CMB_PANTHEON_ONLY,"{""DES_Dovekie_raw"": ""zHD"", ""PantheonPlusSH0ES"": ""zCMB"", ""Union3p1_UNITY1p8"": ""z""}",PantheonPlusSH0ES+DES_Dovekie_raw+Union3p1_UNITY1p8,dataset,budget_025mmag_ds050,0.05,0.0,FR_BETA05_H0fixed675,3420,0,3,3420,3417,67.5,0.5,0.0,0.0,4115.907365821276,3171.9336639351236,5.346980408362019,3177.2806443434856,14.93204582984973,3192.2126901733354,0.9274659836067612,0.9282802645405688,3192.2126901733354,3192.2126901733354,True,fixed,"3 Gaussian calibration offsets; dataset sigma=0.05 mag, survey sigma=0.025 mag"
joint_des_pantheon_union31_CMB_PANTHEON_ONLY_dataset_budget_025mmag_ds050_FR_BETAfree_H0fixed675,CMB_PANTHEON_ONLY,"{""DES_Dovekie_raw"": ""zHD"", ""PantheonPlusSH0ES"": ""zCMB"", ""Union3p1_UNITY1p8"": ""z""}",PantheonPlusSH0ES+DES_Dovekie_raw+Union3p1_UNITY1p8,dataset,budget_025mmag_ds050,0.05,0.0,FR_BETAfree_H0fixed675,3420,1,3,3419,3416,67.5,0.5341943520754661,0.0,0.03419435207546606,4459.832595085531,3155.0295025351206,7.504486783599577,3162.53398931872,14.93204582984973,3177.46603514857,0.9227930688900616,0.9236034843486887,3179.46603514857,3185.6034309786264,True,minimize_beta,"3 Gaussian calibration offsets; dataset sigma=0.05 mag, survey sigma=0.025 mag"
joint_des_pantheon_union31_CMB_PANTHEON_ONLY_dataset_budget_025mmag_ds050_FR_BETA05_H0free,CMB_PANTHEON_ONLY,"{""DES_Dovekie_raw"": ""zHD"", ""PantheonPlusSH0ES"": ""zCMB"", ""Union3p1_UNITY1p8"": ""z""}",PantheonPlusSH0ES+DES_Dovekie_raw+Union3p1_UNITY1p8,dataset,budget_025mmag_ds050,0.05,0.0,FR_BETA05_H0free,3420,1,3,3419,3416,68.77803634940818,0.5,1.2780363494081826,0.0,3704.597036123302,3171.9256207638027,3.378299859368991,3175.3039206231715,14.93204582984973,3190.2359664530213,0.9277348993167016,0.9285496547903404,3192.2359664530213,3198.3733622830778,True,minimize_H0,"3 Gaussian calibration offsets; dataset sigma=0.05 mag, survey sigma=0.025 mag"
joint_des_pantheon_union31_CMB_PANTHEON_ONLY_dataset_budget_025mmag_ds050_FR_BETAfree_H0free,CMB_PANTHEON_ONLY,"{""DES_Dovekie_raw"": ""zHD"", ""PantheonPlusSH0ES"": ""zCMB"", ""Union3p1_UNITY1p8"": ""z""}",PantheonPlusSH0ES+DES_Dovekie_raw+Union3p1_UNITY1p8,dataset,budget_025mmag_ds050,0.05,0.0,FR_BETAfree_H0free,3420,2,3,3418,3415,69.62182208492123,0.5386134434198414,2.1218220849212344,0.03861344341984141,3544.8223355998175,3154.8603988048853,2.532077446036884,3157.3924762509223,14.93204582984973,3172.324522080772,0.9230135748405165,0.9238244213191465,3176.324522080772,3188.5993137408855,True,L-BFGS-B,"3 Gaussian calibration offsets; dataset sigma=0.05 mag, survey sigma=0.025 mag"
joint_des_pantheon_union31_CMB_PANTHEON_ONLY_dataset_budget_050mmag_ds100_stress_FR_BETA05_H0fixed675,CMB_PANTHEON_ONLY,"{""DES_Dovekie_raw"": ""zHD"", ""PantheonPlusSH0ES"": ""zCMB"", ""Union3p1_UNITY1p8"": ""z""}",PantheonPlusSH0ES+DES_Dovekie_raw+Union3p1_UNITY1p8,dataset,budget_050mmag_ds100_stress,0.1,0.0,FR_BETA05_H0fixed675,3420,0,3,3420,3417,67.5,0.5,0.0,0.0,4115.907365821276,3171.90492586687,1.348255158678998,3173.253181025549,19.075066714270548,3192.3282477398197,0.9274575806628276,0.9282718542191601,3192.3282477398197,3192.3282477398197,True,fixed,"3 Gaussian calibration offsets; dataset sigma=0.1 mag, survey sigma=0.05 mag"
joint_des_pantheon_union31_CMB_PANTHEON_ONLY_dataset_budget_050mmag_ds100_stress_FR_BETAfree_H0fixed675,CMB_PANTHEON_ONLY,"{""DES_Dovekie_raw"": ""zHD"", ""PantheonPlusSH0ES"": ""zCMB"", ""Union3p1_UNITY1p8"": ""z""}",PantheonPlusSH0ES+DES_Dovekie_raw+Union3p1_UNITY1p8,dataset,budget_050mmag_ds100_stress,0.1,0.0,FR_BETAfree_H0fixed675,3420,1,3,3419,3416,67.5,0.5368446428994327,0.0,0.03684464289943268,4496.061637179779,3154.8479704453102,1.9495680642029862,3156.7975385095133,19.075066714270548,3175.872605223784,0.9227399738067593,0.9235503426362149,3177.872605223784,3184.0100010538404,True,minimize_beta,"3 Gaussian calibration offsets; dataset sigma=0.1 mag, survey sigma=0.05 mag"
joint_des_pantheon_union31_CMB_PANTHEON_ONLY_dataset_budget_050mmag_ds100_stress_FR_BETA05_H0free,CMB_PANTHEON_ONLY,"{""DES_Dovekie_raw"": ""zHD"", ""PantheonPlusSH0ES"": ""zCMB"", ""Union3p1_UNITY1p8"": ""z""}",PantheonPlusSH0ES+DES_Dovekie_raw+Union3p1_UNITY1p8,dataset,budget_050mmag_ds100_stress,0.1,0.0,FR_BETA05_H0free,3420,1,3,3419,3416,68.77659667198897,0.5,1.276596671988969,0.0,3704.730268543764,3171.904421145099,0.8530678171226624,3172.757488962222,19.075066714270548,3191.8325556764926,0.9277286987847614,0.9285434488129681,3193.8325556764926,3199.969951506549,True,minimize_H0,"3 Gaussian calibration offsets; dataset sigma=0.1 mag, survey sigma=0.05 mag"
joint_des_pantheon_union31_CMB_PANTHEON_ONLY_dataset_budget_050mmag_ds100_stress_FR_BETAfree_H0free,CMB_PANTHEON_ONLY,"{""DES_Dovekie_raw"": ""zHD"", ""PantheonPlusSH0ES"": ""zCMB"", ""Union3p1_UNITY1p8"": ""z""}",PantheonPlusSH0ES+DES_Dovekie_raw+Union3p1_UNITY1p8,dataset,budget_050mmag_ds100_stress,0.1,0.0,FR_BETAfree_H0free,3420,2,3,3418,3415,69.60683905645514,0.5379912776514071,2.1068390564551436,0.037991277651407085,3546.9661773384573,3154.836462531598,0.642616343412596,3155.4790788750106,19.075066714270548,3174.5541455892812,0.9230065718348737,0.9238174121615221,3178.5541455892812,3190.8289372493946,True,L-BFGS-B,"3 Gaussian calibration offsets; dataset sigma=0.1 mag, survey sigma=0.05 mag"
joint_des_pantheon_union31_CMB_PANTHEON_ONLY_dataset+survey_budget_010mmag_ds020_FR_BETA05_H0fixed675,CMB_PANTHEON_ONLY,"{""DES_Dovekie_raw"": ""zHD"", ""PantheonPlusSH0ES"": ""zCMB"", ""Union3p1_UNITY1p8"": ""z""}",PantheonPlusSH0ES+DES_Dovekie_raw+Union3p1_UNITY1p8,dataset+survey,budget_010mmag_ds020,0.02,0.01,FR_BETA05_H0fixed675,3420,0,27,3420,3393,67.5,0.5,0.0,0.0,4115.907365821276,3145.505953420937,41.30183393498478,3186.807787355922,14.828179284504728,3201.6359666404264,0.919738582871619,0.9270574575363799,3201.6359666404264,3201.6359666404264,True,fixed,"27 Gaussian calibration offsets; dataset sigma=0.02 mag, survey sigma=0.01 mag"
joint_des_pantheon_union31_CMB_PANTHEON_ONLY_dataset+survey_budget_010mmag_ds020_FR_BETAfree_H0fixed675,CMB_PANTHEON_ONLY,"{""DES_Dovekie_raw"": ""zHD"", ""PantheonPlusSH0ES"": ""zCMB"", ""Union3p1_UNITY1p8"": ""z""}",PantheonPlusSH0ES+DES_Dovekie_raw+Union3p1_UNITY1p8,dataset+survey,budget_010mmag_ds020,0.02,0.01,FR_BETAfree_H0fixed675,3420,1,27,3419,3392,67.5,0.512293416555344,0.0,0.012293416555343994,4212.822830486908,3141.5758890787793,43.20068383916168,3184.776572917941,14.828179284504728,3199.6047522024455,0.9188581132140331,0.9261721371104892,3201.6047522024455,3207.742148032502,True,minimize_beta,"27 Gaussian calibration offsets; dataset sigma=0.02 mag, survey sigma=0.01 mag"
joint_des_pantheon_union31_CMB_PANTHEON_ONLY_dataset+survey_budget_010mmag_ds020_FR_BETA05_H0free,CMB_PANTHEON_ONLY,"{""DES_Dovekie_raw"": ""zHD"", ""PantheonPlusSH0ES"": ""zCMB"", ""Union3p1_UNITY1p8"": ""z""}",PantheonPlusSH0ES+DES_Dovekie_raw+Union3p1_UNITY1p8,dataset+survey,budget_010mmag_ds020,0.02,0.01,FR_BETA05_H0free,3420,1,27,3419,3392,68.98945451159335,0.5,1.489454511593351,0.0,3692.940365744019,3143.097244442556,28.27128482469217,3171.368529267248,14.828179284504728,3186.1967085517526,0.9193030840721135,0.9266206498946215,3188.1967085517526,3194.334104381809,True,minimize_H0,"27 Gaussian calibration offsets; dataset sigma=0.02 mag, survey sigma=0.01 mag"
joint_des_pantheon_union31_CMB_PANTHEON_ONLY_dataset+survey_budget_010mmag_ds020_FR_BETAfree_H0free,CMB_PANTHEON_ONLY,"{""DES_Dovekie_raw"": ""zHD"", ""PantheonPlusSH0ES"": ""zCMB"", ""Union3p1_UNITY1p8"": ""z""}",PantheonPlusSH0ES+DES_Dovekie_raw+Union3p1_UNITY1p8,dataset+survey,budget_010mmag_ds020,0.02,0.01,FR_BETAfree_H0free,3420,2,27,3418,3391,69.68694519056791,0.5348894918581002,2.1869451905679114,0.0348894918581002,3548.5123018128925,3138.603681482665,19.943273845145768,3158.546955327811,14.828179284504728,3173.3751346123154,0.9182573673149985,0.9255687648135255,3177.3751346123154,3189.6499262724287,True,L-BFGS-B,"27 Gaussian calibration offsets; dataset sigma=0.02 mag, survey sigma=0.01 mag"
joint_des_pantheon_union31_CMB_PANTHEON_ONLY_dataset+survey_budget_016mmag_ds032_FR_BETA05_H0fixed675,CMB_PANTHEON_ONLY,"{""DES_Dovekie_raw"": ""zHD"", ""PantheonPlusSH0ES"": ""zCMB"", ""Union3p1_UNITY1p8"": ""z""}",PantheonPlusSH0ES+DES_Dovekie_raw+Union3p1_UNITY1p8,dataset+survey,budget_016mmag_ds032,0.032,0.016,FR_BETA05_H0fixed675,3420,0,27,3420,3393,67.5,0.5,0.0,0.0,4115.907365821276,3132.225193256293,24.60325857044257,3156.8284518267355,23.000062210555456,3179.828514037291,0.9158553196655828,0.9231432930316219,3179.828514037291,3179.828514037291,True,fixed,"27 Gaussian calibration offsets; dataset sigma=0.032 mag, survey sigma=0.016 mag"
joint_des_pantheon_union31_CMB_PANTHEON_ONLY_dataset+survey_budget_016mmag_ds032_FR_BETAfree_H0fixed675,CMB_PANTHEON_ONLY,"{""DES_Dovekie_raw"": ""zHD"", ""PantheonPlusSH0ES"": ""zCMB"", ""Union3p1_UNITY1p8"": ""z""}",PantheonPlusSH0ES+DES_Dovekie_raw+Union3p1_UNITY1p8,dataset+survey,budget_016mmag_ds032,0.032,0.016,FR_BETAfree_H0fixed675,3420,1,27,3419,3392,67.5,0.5163802245975686,0.0,0.016380224597568604,4251.749306038657,3129.6493962635604,24.395189841107076,3154.0445861046674,23.000062210555456,3177.0446483152227,0.9153698146427495,0.9226560720116629,3179.0446483152227,3185.182044145279,True,minimize_beta,"27 Gaussian calibration offsets; dataset sigma=0.032 mag, survey sigma=0.016 mag"
joint_des_pantheon_union31_CMB_PANTHEON_ONLY_dataset+survey_budget_016mmag_ds032_FR_BETA05_H0free,CMB_PANTHEON_ONLY,"{""DES_Dovekie_raw"": ""zHD"", ""PantheonPlusSH0ES"": ""zCMB"", ""Union3p1_UNITY1p8"": ""z""}",PantheonPlusSH0ES+DES_Dovekie_raw+Union3p1_UNITY1p8,dataset+survey,budget_016mmag_ds032,0.032,0.016,FR_BETA05_H0free,3420,1,27,3419,3392,69.07499337766305,0.5,1.5749933776630485,0.0,3692.668891831361,3131.2000821469337,18.66286326588304,3149.8629454128168,23.000062210555456,3172.863007623372,0.9158233641845375,0.9231132317650158,3174.863007623372,3181.0004034534286,True,minimize_H0,"27 Gaussian calibration offsets; dataset sigma=0.032 mag, survey sigma=0.016 mag"
joint_des_pantheon_union31_CMB_PANTHEON_ONLY_dataset+survey_budget_016mmag_ds032_FR_BETAfree_H0free,CMB_PANTHEON_ONLY,"{""DES_Dovekie_raw"": ""zHD"", ""PantheonPlusSH0ES"": ""zCMB"", ""Union3p1_UNITY1p8"": ""z""}",PantheonPlusSH0ES+DES_Dovekie_raw+Union3p1_UNITY1p8,dataset+survey,budget_016mmag_ds032,0.032,0.016,FR_BETAfree_H0free,3420,2,27,3418,3391,69.58599144077046,0.5270066804006502,2.0859914407704565,0.02700668040065024,3574.903639640245,3129.2016710793782,13.866500705469067,3143.0681717848474,23.000062210555456,3166.068233995403,0.9155066328494378,0.9227961283041517,3170.068233995403,3182.343025655516,True,L-BFGS-B,"27 Gaussian calibration offsets; dataset sigma=0.032 mag, survey sigma=0.016 mag"
joint_des_pantheon_union31_CMB_PANTHEON_ONLY_dataset+survey_budget_025mmag_ds050_FR_BETA05_H0fixed675,CMB_PANTHEON_ONLY,"{""DES_Dovekie_raw"": ""zHD"", ""PantheonPlusSH0ES"": ""zCMB"", ""Union3p1_UNITY1p8"": ""z""}",PantheonPlusSH0ES+DES_Dovekie_raw+Union3p1_UNITY1p8,dataset+survey,budget_025mmag_ds050,0.05,0.025,FR_BETA05_H0fixed675,3420,0,27,3420,3393,67.5,0.5,0.0,0.0,4115.907365821276,3122.243916760789,16.549701454004456,3138.7936182147937,34.040515534306564,3172.8341337491,0.9129368177663126,0.9202015669793071,3172.8341337491,3172.8341337491,True,fixed,"27 Gaussian calibration offsets; dataset sigma=0.05 mag, survey sigma=0.025 mag"
joint_des_pantheon_union31_CMB_PANTHEON_ONLY_dataset+survey_budget_025mmag_ds050_FR_BETAfree_H0fixed675,CMB_PANTHEON_ONLY,"{""DES_Dovekie_raw"": ""zHD"", ""PantheonPlusSH0ES"": ""zCMB"", ""Union3p1_UNITY1p8"": ""z""}",PantheonPlusSH0ES+DES_Dovekie_raw+Union3p1_UNITY1p8,dataset+survey,budget_025mmag_ds050,0.05,0.025,FR_BETAfree_H0fixed675,3420,1,27,3419,3392,67.5,0.5158641183003,0.0,0.01586411830029999,4246.650301683918,3120.8893490769133,15.703303506387503,3136.5926525833006,34.040515534306564,3170.633168117607,0.9128076481652276,0.9200735109306938,3172.633168117607,3178.7705639476635,True,minimize_beta,"27 Gaussian calibration offsets; dataset sigma=0.05 mag, survey sigma=0.025 mag"
joint_des_pantheon_union31_CMB_PANTHEON_ONLY_dataset+survey_budget_025mmag_ds050_FR_BETA05_H0free,CMB_PANTHEON_ONLY,"{""DES_Dovekie_raw"": ""zHD"", ""PantheonPlusSH0ES"": ""zCMB"", ""Union3p1_UNITY1p8"": ""z""}",PantheonPlusSH0ES+DES_Dovekie_raw+Union3p1_UNITY1p8,dataset+survey,budget_025mmag_ds050,0.05,0.025,FR_BETA05_H0free,3420,1,27,3419,3392,69.15955331968456,0.5,1.6595533196845622,0.0,3694.9034946426495,3121.8566047880454,13.718308086515215,3135.5749128745606,34.040515534306564,3169.615428408867,0.9130905541936372,0.9203586688644002,3171.615428408867,3177.7528242389235,True,minimize_H0,"27 Gaussian calibration offsets; dataset sigma=0.05 mag, survey sigma=0.025 mag"
joint_des_pantheon_union31_CMB_PANTHEON_ONLY_dataset+survey_budget_025mmag_ds050_FR_BETAfree_H0free,CMB_PANTHEON_ONLY,"{""DES_Dovekie_raw"": ""zHD"", ""PantheonPlusSH0ES"": ""zCMB"", ""Union3p1_UNITY1p8"": ""z""}",PantheonPlusSH0ES+DES_Dovekie_raw+Union3p1_UNITY1p8,dataset+survey,budget_025mmag_ds050,0.05,0.025,FR_BETAfree_H0free,3420,2,27,3418,3391,69.53242692043415,0.5207162943832409,2.0324269204341476,0.020716294383240852,3599.4506776089797,3120.815708567662,11.178637104053957,3131.994345671716,34.040515534306564,3166.0348612060225,0.9130531622491698,0.9203231225501806,3170.0348612060225,3182.309652866136,True,L-BFGS-B,"27 Gaussian calibration offsets; dataset sigma=0.05 mag, survey sigma=0.025 mag"
joint_des_pantheon_union31_CMB_PANTHEON_ONLY_dataset+survey_budget_050mmag_ds100_stress_FR_BETA05_H0fixed675,CMB_PANTHEON_ONLY,"{""DES_Dovekie_raw"": ""zHD"", ""PantheonPlusSH0ES"": ""zCMB"", ""Union3p1_UNITY1p8"": ""z""}",PantheonPlusSH0ES+DES_Dovekie_raw+Union3p1_UNITY1p8,dataset+survey,budget_050mmag_ds100_stress,0.1,0.05,FR_BETA05_H0fixed675,3420,0,27,3420,3393,67.5,0.5,0.0,0.0,4115.907365821276,3112.759203309677,8.782564641121969,3121.541767950799,57.98574199968752,3179.5275099504865,0.9101635097396716,0.9174061901885284,3179.5275099504865,3179.5275099504865,True,fixed,"27 Gaussian calibration offsets; dataset sigma=0.1 mag, survey sigma=0.05 mag"
joint_des_pantheon_union31_CMB_PANTHEON_ONLY_dataset+survey_budget_050mmag_ds100_stress_FR_BETAfree_H0fixed675,CMB_PANTHEON_ONLY,"{""DES_Dovekie_raw"": ""zHD"", ""PantheonPlusSH0ES"": ""zCMB"", ""Union3p1_UNITY1p8"": ""z""}",PantheonPlusSH0ES+DES_Dovekie_raw+Union3p1_UNITY1p8,dataset+survey,budget_050mmag_ds100_stress,0.1,0.05,FR_BETAfree_H0fixed675,3420,1,27,3419,3392,67.5,0.5132312557882818,0.0,0.01323125578828177,4221.461777341599,3111.8503043173423,8.388145133764379,3120.2384494511066,57.98574199968752,3178.224191450794,0.9101638795897462,0.9174086982067636,3180.224191450794,3186.3615872808505,True,minimize_beta,"27 Gaussian calibration offsets; dataset sigma=0.1 mag, survey sigma=0.05 mag"
joint_des_pantheon_union31_CMB_PANTHEON_ONLY_dataset+survey_budget_050mmag_ds100_stress_FR_BETA05_H0free,CMB_PANTHEON_ONLY,"{""DES_Dovekie_raw"": ""zHD"", ""PantheonPlusSH0ES"": ""zCMB"", ""Union3p1_UNITY1p8"": ""z""}",PantheonPlusSH0ES+DES_Dovekie_raw+Union3p1_UNITY1p8,dataset+survey,budget_050mmag_ds100_stress,0.1,0.05,FR_BETA05_H0free,3420,1,27,3419,3392,69.25727435515762,0.5,1.7572743551576195,0.0,3700.573600654347,3112.7044936819857,7.925000893008721,3120.6294945749946,57.98574199968752,3178.615236574682,0.9104137156133331,0.9176605229015288,3180.615236574682,3186.7526324047385,True,minimize_H0,"27 Gaussian calibration offsets; dataset sigma=0.1 mag, survey sigma=0.05 mag"
joint_des_pantheon_union31_CMB_PANTHEON_ONLY_dataset+survey_budget_050mmag_ds100_stress_FR_BETAfree_H0free,CMB_PANTHEON_ONLY,"{""DES_Dovekie_raw"": ""zHD"", ""PantheonPlusSH0ES"": ""zCMB"", ""Union3p1_UNITY1p8"": ""z""}",PantheonPlusSH0ES+DES_Dovekie_raw+Union3p1_UNITY1p8,dataset+survey,budget_050mmag_ds100_stress,0.1,0.05,FR_BETAfree_H0free,3420,2,27,3418,3391,69.5064626360617,0.514580978627523,2.0064626360616984,0.014580978627522945,3628.6182814753734,3111.835633647785,7.230746048129364,3119.0663796959143,57.98574199968752,3177.0521216956017,0.9104258729221139,0.9176749140807388,3181.0521216956017,3193.326913355715,True,L-BFGS-B,"27 Gaussian calibration offsets; dataset sigma=0.1 mag, survey sigma=0.05 mag"
